Tempo;Ângulo;omega;x;y
s;graus;graus/s;;
"0,0010";"11,4253";"60,0981";;
"0,0320";"12,6142";"-39,6999";;
"0,0650";"13,5378";"2,4084";;
"0,0980";"14,0845";"-39,8383";;
"0,1310";"14,2484";"-45,8743";;
"0,1640";"13,9916";"-63,7129";;
"0,1980";"13,3986";"-63,4832";;
"0,2310";"12,3982";"-83,6042";;
"0,2640";"11,2184";"-78,1740";;
"0,2980";"9,8257";"-72,0927";;
"0,3310";"7,9309";"-88,4043";;
"0,3640";"5,8852";"-83,0358";;
"0,4010";"3,5877";"-65,8761";;
"0,4300";"1,1934";"-78,7467";;
"0,4640";"-1,2782";"-67,2635";;
"0,4980";"-3,6911";"-44,5516";;
"0,5310";"-6,0385";"-45,5815";;
"0,5640";"-8,1389";"-8,7525";;
"0,5970";"-9,9865";"-1,5568";;
"0,6650";"-11,6248";"-5,2704";;
"0,6980";"-12,8800";"27,6813";;
"0,7310";"-13,7676";"28,3708";;
"0,7640";"-14,2557";"47,1971";;
"0,7970";"-14,2973";"66,0986";;
"0,8310";"-13,9042";"60,5890";;
"0,8640";"-13,1151";"74,1198";;
"0,8980";"-11,8998";"81,0663";;
"0,9310";"-10,3790";"83,8576";;
"0,9640";"-8,5927";"78,8875";;
"0,9980";"-6,4945";"81,2080";;
"1,0310";"-4,2258";"79,3277";;
"1,0630";"-1,8549";"61,2124";;
"1,0970";"0,5892";"67,3362";;
"1,1310";"2,9863";"50,3109";;
"1,1640";"5,3252";"44,8235";;
"1,1970";"7,4503";"9,2972";;
"1,2310";"9,3958";"28,2586";;
"1,2980";"11,0302";"-5,1298";;
"1,3310";"12,3200";"-25,5261";;
"1,3680";"13,2632";"-19,0618";;
"1,3980";"13,7812";"-54,4788";;
"1,4310";"13,9204";"-55,4382";;
"1,4640";"13,5990";"-70,1880";;
"1,4990";"12,8780";"-65,2873";;
"1,5310";"11,7343";"-85,8898";;
"1,5640";"10,3147";"-74,2936";;
"1,5980";"8,5081";"-85,5740";;
"1,6310";"6,4751";"-79,0106";;
"1,6640";"4,2667";"-78,6841";;
"1,6970";"1,9129";"-65,4554";;
"1,7310";"-0,5156";"-70,0022";;
"1,7640";"-2,9321";"-51,8234";;
"1,7980";"-5,2489";"-38,7899";;
"1,8310";"-7,4418";"-31,6958";;
"1,8640";"-9,3414";"5,5665";;
"1,9310";"-10,9602";"5,3216";;
"1,9640";"-12,2970";"-2,7022";;
"1,9980";"-13,3022";"20,8412";;
"2,0310";"-13,9272";"36,5414";;
"2,0640";"-14,1256";"63,7853";;
"2,0970";"-13,8721";"64,8492";;
"2,1310";"-13,2336";"62,9208";;
"2,1640";"-12,1862";"83,9312";;
"2,1970";"-10,7900";"74,0360";;
"2,2310";"-9,1198";"85,9629";;
"2,2640";"-7,2250";"78,8575";;
"2,2970";"-5,0138";"93,1935";;
"2,3310";"-2,6596";"62,9016";;
"2,3640";"-0,2276";"60,1181";;
"2,3970";"2,1650";"51,8379";;
"2,4300";"4,4919";"44,9502";;
"2,4680";"6,7212";"30,6031";;
"2,4970";"8,7375";"22,0869";;
"2,5650";"10,4632";"-6,8173";;
"2,5980";"11,9010";"1,3384";;
"2,6310";"12,9829";"-29,0169";;
"2,6640";"13,6249";"-40,0929";;
"2,6970";"13,9009";"-46,0958";;
"2,7310";"13,7771";"-59,2391";;
"2,7640";"13,2555";"-68,7131";;
"2,7980";"12,2931";"-86,0304";;
"2,8310";"10,9689";"-74,3593";;
"2,8640";"9,3049";"-83,5910";;
"2,8980";"7,4251";"-77,1031";;
"2,9310";"5,2662";"-83,2372";;
"2,9640";"2,9584";"-74,1197";;
"2,9980";"0,5605";"-65,4342";;
"3,0310";"-1,8751";"-57,5104";;
"3,0630";"-4,2613";"-47,4985";;
"3,1020";"-6,5415";"-30,9711";;
"3,1310";"-8,6087";"-27,4239";;
"3,1980";"-10,3130";"17,5421";;
"3,2310";"-11,8126";"-21,5318";;
"3,2640";"-12,9560";"28,4525";;
"3,2990";"-13,7238";"28,8754";;
"3,3190";"-14,0914";"77,7489";;
"3,3630";"-14,0127";"50,8826";;
"3,3970";"-13,5139";"67,7267";;
"3,4300";"-12,6159";"74,9252";;
"3,4640";"-11,3060";"85,6170";;
"3,4980";"-9,6541";"77,1930";;
"3,5310";"-7,8270";"88,7014";;
"3,5640";"-5,6371";"88,4343";;
"3,5970";"-3,3266";"64,9540";;
"3,6310";"-0,8719";"72,1666";;
"3,6640";"1,6144";"56,6981";;
"3,6970";"4,0257";"45,0911";;
"3,7310";"6,3299";"36,2687";;
"3,7630";"8,4614";"23,2602";;
"3,7980";"10,3474";"13,0222";;
"3,8310";"12,0071";"10,9824";;
"3,8640";"13,2674";"-32,3448";;
"3,8980";"14,1707";"-19,1392";;
"3,9310";"14,7520";"-32,6529";;
"3,9640";"14,9163";"-51,9934";;
"3,9970";"14,7417";"-46,0277";;
"4,0300";"14,1759";"-73,4317";;
"4,0640";"13,2398";"-72,6330";;
"4,0980";"11,9691";"-76,5385";;
"4,1310";"10,3610";"-88,4217";;
"4,1680";"8,4703";"-66,5926";;
"4,1970";"6,3945";"-100,5965";;
"4,2310";"4,1368";"-72,6782";;
"4,2640";"1,7264";"-78,9025";;
"4,2980";"-0,7102";"-58,1869";;
"4,3310";"-3,1655";"-51,6686";;
"4,3640";"-5,5227";"-43,7378";;
"4,3980";"-7,7040";"-20,8678";;
"4,4300";"-9,5730";"16,2639";;
"4,4990";"-11,2374";"-12,6432";;
"4,5310";"-12,5883";"20,9736";;
"4,5640";"-13,5368";"33,5323";;
"4,5970";"-14,0875";"45,6805";;
"4,6310";"-14,1921";"54,6247";;
"4,6640";"-13,8227";"83,6642";;
"4,6980";"-13,0536";"67,4393";;
"4,7310";"-11,8788";"79,1971";;
"4,7640";"-10,3572";"83,5762";;
"4,7980";"-8,6116";"81,1767";;
"4,8310";"-6,4872";"88,3966";;
"4,8640";"-4,1698";"78,7702";;
"4,8980";"-1,7831";"52,9547";;
"4,9310";"0,6968";"73,9370";;
"4,9640";"3,1541";"49,4048";;
"4,9970";"5,4776";"43,1243";;
"5,0300";"7,6755";"31,4481";;
"5,0640";"9,6489";"10,8253";;
"5,1320";"11,3466";"0,0000";;
"5,1640";"12,6958";"-22,6223";;
"5,1970";"13,6542";"-30,0275";;
"5,2310";"14,2103";"-41,8771";;
"5,2640";"14,4079";"-54,0837";;
"5,2970";"14,1331";"-69,2041";;
"5,3310";"13,4978";"-58,0901";;
"5,3630";"12,4304";"-90,5483";;
"5,3970";"10,9839";"-80,9969";;
"5,4300";"9,2558";"-74,1606";;
"5,4650";"7,2363";"-83,2517";;
"5,4980";"5,0431";"-74,5803";;
"5,5300";"2,7196";"-71,6766";;
"5,5650";"0,3102";"-65,2464";;
"5,6010";"-2,0974";"-49,0538";;
"5,6310";"-4,4360";"-53,1399";;
"5,6640";"-6,6783";"-30,6585";;
"5,6980";"-8,6308";"0,0000";;
"5,7650";"-10,2968";"1,6746";;
"5,7970";"-11,7493";"-9,7882";;
"5,8310";"-12,7939";"34,2572";;
"5,8640";"-13,4631";"39,2017";;
"5,8970";"-13,7335";"51,3547";;
"5,9310";"-13,5515";"65,8698";;
"5,9640";"-12,9513";"73,2153";;
"5,9980";"-11,9563";"69,2278";;
"6,0310";"-10,5852";"83,3214";;
"6,0640";"-8,9536";"78,9340";;
"6,0980";"-7,0418";"85,7105";;
"6,1310";"-4,8580";"72,9539";;
"6,1640";"-2,5453";"74,3238";;
"6,1970";"-0,1492";"64,4862";;
"6,2310";"2,2713";"57,0235";;
"6,2670";"4,6145";"40,7377";;
"6,2970";"6,8155";"33,1517";;
"6,3310";"8,8404";"17,4121";;
"6,3640";"10,5310";"-17,9617";;
"6,3970";"11,9270";"-10,3518";;
"6,4310";"13,0176";"-4,1138";;
"6,4640";"13,8155";"-15,7404";;
"6,4980";"14,2416";"-37,2222";;
"6,5310";"14,2891";"-50,2437";;
"6,5640";"13,9309";"-64,1676";;
"6,5980";"13,2144";"-62,2593";;
"6,6310";"12,1408";"-78,0732";;
"6,6640";"10,7346";"-82,8498";;
"6,6980";"9,1399";"-72,8732";;
"6,7350";"7,2774";"-81,6168";;
"6,7640";"5,1852";"-84,0131";;
"6,7980";"2,9170";"-67,0577";;
"6,8310";"0,5412";"-70,9315";;
"6,8640";"-1,8803";"-64,1325";;
"6,8980";"-4,2286";"-40,7032";;
"6,9310";"-6,5508";"-56,2718";;
"6,9640";"-8,6564";"-12,4454";;
"6,9970";"-10,2886";"60,6257";;
"7,0190";"-11,4786";"88,3870";;
"7,0640";"-12,6045";"-52,8669";;
"7,0980";"-13,5999";"-33,2792";;
"7,1300";"-14,2639";"32,3034";;
"7,1640";"-14,4115";"83,0574";;
"7,1970";"-14,2307";"35,3805";;
"7,2310";"-13,6318";"82,2299";;
"7,2640";"-12,6341";"64,6350";;
"7,2970";"-11,3362";"78,4682";;
"7,3310";"-9,9524";"84,1587";;
"7,3640";"-8,4994";"79,8633";;
"7,3980";"-6,5351";"80,4129";;
"7,4310";"-4,2000";"78,0820";;
"7,4640";"-1,7565";"64,1580";;
"7,4970";"0,6197";"65,1993";;
"7,5310";"3,0417";"47,7985";;
"7,5640";"5,2994";"34,9538";;
"7,5970";"7,3305";"-4,0420";;
"7,6310";"9,1766";"21,7456";;
"7,6640";"10,7212";"-4,6690";;
"7,6980";"12,0485";"13,6342";;
"7,7310";"13,0375";"-19,6955";;
"7,7640";"13,6539";"-34,8340";;
"7,7970";"13,9237";"-40,8319";;
"7,8310";"13,7699";"-61,3384";;
"7,8640";"13,2546";"-60,2753";;
"7,8970";"12,3669";"-77,9095";;
"7,9310";"11,2351";"-75,7185";;
"7,9680";"9,7710";"-69,8398";;
"7,9970";"8,0480";"-94,5508";;
"8,0310";"6,0053";"-80,4144";;
"8,0640";"3,7851";"-73,4696";;
"8,0970";"1,4500";"-69,6632";;
"8,1310";"-0,9783";"-67,0641";;
"8,1640";"-3,3492";"-45,7664";;
"8,1970";"-5,6567";"-41,0783";;
"8,2310";"-7,8006";"-27,5000";;
"8,2640";"-9,6068";"24,3082";;
"8,3310";"-11,1352";"2,9108";;
"8,3640";"-12,4228";"-10,1392";;
"8,3980";"-13,3631";"21,7165";;
"8,4300";"-13,9256";"42,3173";;
"8,4640";"-14,0797";"52,4903";;
"8,4970";"-13,7775";"69,1932";;
"8,5300";"-13,0941";"69,7280";;
"8,5640";"-12,0169";"75,9712";;
"8,5970";"-10,6021";"73,9738";;
"8,6310";"-8,9779";"85,1495";;
"8,6640";"-7,1141";"78,5636";;
"8,6970";"-4,9432";"82,8878";;
"8,7310";"-2,6494";"57,8831";;
"8,7640";"-0,2789";"64,2557";;
"8,7980";"2,1100";"57,8980";;
"8,8310";"4,4057";"40,9823";;
"8,8640";"6,5045";"10,0499";;
"8,8980";"8,4688";"36,3821";;
"8,9640";"10,1847";"-0,6382";;
"8,9980";"11,4973";"-33,4406";;
"9,0310";"12,4963";"-16,4914";;
"9,0640";"13,0830";"-42,0521";;
"9,0980";"13,3074";"-48,6925";;
"9,1310";"13,0953";"-67,9830";;
"9,1630";"12,4896";"-61,5008";;
"9,1980";"11,4752";"-78,1513";;
"9,2300";"10,1683";"-81,0188";;
"9,2640";"8,4634";"-80,6666";;
"9,2970";"6,5022";"-78,9500";;
"9,3300";"4,3976";"-77,9160";;
"9,3650";"2,1019";"-70,1403";;
"9,4010";"-0,2801";"-62,5303";;
"9,4310";"-2,6867";"-63,3762";;
"9,4640";"-5,0017";"-40,2319";;
"9,4970";"-7,2350";"-34,8753";;
"9,5310";"-9,0872";"31,6148";;
"9,5980";"-10,6679";"1,8420";;
"9,6310";"-12,0553";"-24,5367";;
"9,6640";"-13,1625";"5,9649";;
"9,6980";"-13,9009";"32,8322";;
"9,7310";"-14,2455";"44,9323";;
"9,7660";"-14,1129";"72,0470";;
"9,7980";"-13,5638";"70,7180";;
"9,8310";"-12,6359";"74,5853";;
"9,8640";"-11,3186";"83,0987";;
"9,8970";"-9,8322";"83,8259";;
"9,9310";"-8,0677";"85,4115";;
"9,9640";"-5,9772";"74,2823";;
"9,9980";"-3,6624";"71,7378";;
"10,0310";"-1,2152";"73,9279";;
"10,0640";"1,2505";"50,5800";;
"10,0970";"3,5962";"40,0190";;
"10,1300";"5,8270";"33,7876";;
"10,1640";"7,9000";"25,9476";;
"10,1980";"9,7761";"22,7491";;
"10,2310";"11,3291";"-14,0737";;
"10,2640";"12,5141";"-23,4883";;
"10,3000";"13,3858";"-18,9747";;
"10,3180";"13,8978";"-64,3021";;
"10,3640";"14,0183";"-32,0751";;
"10,3970";"13,7743";"-59,8819";;
"10,4300";"13,1678";"-69,8093";;
"10,4640";"12,2220";"-67,0008";;
"10,4970";"10,9291";"-78,4516";;
"10,5300";"9,2684";"-88,0316";;
"10,5640";"7,3782";"-81,1645";;
"10,5970";"5,3211";"-74,0330";;
"10,6310";"3,0884";"-71,7580";;
"10,6640";"0,7619";"-63,5056";;
"10,6980";"-1,6222";"-60,3298";;
"10,7310";"-3,9611";"-46,1614";;
"10,7670";"-6,1923";"-34,0916";;
"10,7980";"-8,2546";"-19,0039";;
"10,8310";"-9,9221";"41,1759";;
"10,8640";"-11,3259";"-8,1154";;
"10,8980";"-12,5847";"-38,4995";;
"10,9310";"-13,5498";"14,9447";;
"10,9640";"-14,1455";"38,0024";;
"10,9980";"-14,3524";"52,7330";;
"11,0300";"-14,1656";"58,9337";;
"11,0640";"-13,5873";"70,3366";;
"11,0980";"-12,6485";"69,9228";;
"11,1340";"-11,4001";"69,6234";;
"11,1630";"-10,0361";"86,7677";;
"11,1980";"-8,3641";"80,3144";;
"11,2310";"-6,3119";"75,5507";;
"11,2640";"-4,0577";"76,1851";;
"11,2970";"-1,7382";"57,7559";;
"11,3310";"0,6223";"64,8029";;
"11,3640";"2,9327";"41,9857";;
"11,3970";"5,1301";"38,1830";;
"11,4310";"7,1807";"26,7889";;
"11,4640";"9,0251";"13,4578";;
"11,4980";"10,3078";"-91,2230";;
"11,5310";"11,5707";"79,2020";;
"11,5640";"12,4860";"-29,7924";;
"11,5980";"13,0873";"-18,3966";;
"11,6310";"13,3572";"-42,6883";;
"11,6630";"13,2204";"-58,2131";;
"11,6970";"12,7406";"-60,1303";;
"11,7300";"11,9155";"-66,4685";;
"11,7630";"10,7745";"-68,1239";;
"11,7970";"9,2999";"-85,0594";;
"11,8300";"7,8994";"-71,5285";;
"11,8640";"5,9568";"-82,5712";;
"11,8970";"3,8901";"-67,3933";;
"11,9320";"1,6651";"-63,1061";;
"11,9640";"-0,6432";"-70,0626";;
"11,9970";"-2,9450";"-54,4795";;
"12,0310";"-5,1558";"-33,3397";;
"12,0680";"-7,1837";"-9,8651";;
"12,0970";"-8,8804";"36,6786";;
"12,1650";"-10,2890";"-0,1614";;
"12,1980";"-11,5351";"-22,2628";;
"12,2310";"-12,3947";"32,0285";;
"12,2640";"-12,9541";"23,5819";;
"12,2970";"-13,1440";"45,0508";;
"12,3310";"-12,9156";"57,0720";;
"12,3640";"-12,2610";"74,6627";;
"12,3970";"-11,2696";"67,7293";;
"12,4310";"-9,9622";"82,1888";;
"12,4650";"-8,5254";"69,3544";;
"12,4970";"-6,8078";"87,4107";;
"12,5300";"-4,7675";"75,5328";;
"12,5640";"-2,6429";"55,8462";;
"12,5970";"-0,4097";"56,5244";;
"12,6310";"1,8643";"55,7137";;
"12,6650";"4,0889";"42,5626";;
"12,6970";"6,1779";"34,6033";;
"12,7310";"8,0985";"16,1926";;
"12,7980";"9,6738";"-9,8157";;
"12,8300";"11,0389";"7,9858";;
"12,8650";"12,0394";"-24,2705";;
"12,8970";"12,6645";"-39,3816";;
"12,9310";"12,9015";"-58,3361";;
"12,9640";"12,7716";"-54,6223";;
"12,9980";"12,3219";"-38,3731";;
"13,0300";"11,4040";"-101,0625";;
"13,0640";"10,1273";"-72,9702";;
"13,1000";"8,5751";"-61,2433";;
"13,1320";"6,7793";"-96,6716";;
"13,1630";"4,7234";"-75,6510";;
"13,1970";"2,5164";"-69,4288";;
"13,2310";"0,2297";"-60,5215";;
"13,2680";"-2,0525";"-52,3837";;
"13,2980";"-4,3439";"-63,1261";;
"13,3310";"-6,5819";"-23,3989";;
"13,3640";"-8,5260";"-8,8885";;
"13,4310";"-9,9457";"41,2146";;
"13,4640";"-11,3879";"-73,5900";;
"13,4980";"-12,5068";"4,0807";;
"13,5310";"-13,2250";"50,3597";;
"13,5640";"-13,5318";"53,1472";;
"13,5970";"-13,4279";"62,1136";;
"13,6310";"-12,9252";"60,2719";;
"13,6650";"-12,0132";"64,6787";;
"13,6970";"-10,7593";"82,7138";;
"13,7310";"-9,2252";"73,7851";;
"13,7670";"-7,7023";"73,5711";;
"13,7970";"-5,6860";"83,5466";;
"13,8310";"-3,4658";"64,0662";;
"13,8640";"-1,2196";"58,2218";;
"13,8970";"1,0561";"62,0808";;
"13,9310";"3,2722";"42,7766";;
"13,9640";"5,3620";"23,8068";;
"13,9970";"7,3309";"30,0096";;
"14,0310";"8,8868";"-43,6430";;
"14,0640";"10,2211";"8,8975";;
"14,0970";"11,4244";"40,5693";;
"14,1300";"12,2489";"-38,8683";;
"14,1650";"12,7728";"-23,6304";;
"14,1980";"12,9744";"-39,4364";;
"14,2310";"12,7548";"-65,5930";;
"14,2640";"12,1976";"-58,2003";;
"14,2980";"11,3279";"-68,8115";;
"14,3310";"10,1099";"-75,5177";;
"14,3640";"8,7903";"-75,7940";;
"14,3980";"7,1755";"-78,1455";;
"14,4310";"5,1785";"-75,2751";;
"14,4640";"3,0735";"-71,5889";;
"14,4980";"0,8462";"-60,2944";;
"14,5310";"-1,4397";"-57,2090";;
"14,5630";"-3,6822";"-54,0507";;
"14,6010";"-5,8521";"-31,4657";;
"14,6300";"-7,8542";"-22,7957";;
"14,6640";"-9,4687";"40,7272";;
"14,7310";"-10,9076";"-11,1458";;
"14,7650";"-12,1236";"-12,5563";;
"14,7980";"-12,9754";"35,0867";;
"14,8310";"-13,4637";"38,5508";;
"14,8640";"-13,5663";"54,7588";;
"14,8970";"-13,2342";"74,5478";;
"14,9310";"-12,5232";"60,5470";;
"14,9640";"-11,4271";"80,4594";;
"14,9970";"-10,0576";"62,8216";;
"15,0310";"-8,5159";"91,3738";;
"15,0640";"-6,6477";"76,2996";;
"15,0970";"-4,4879";"75,4172";;
"15,1310";"-2,2213";"65,4852";;
"15,1640";"0,1090";"57,8757";;
"15,1980";"2,4049";"42,9924";;
"15,2310";"4,5820";"38,5579";;
"15,2640";"6,5473";"-1,7879";;
"15,2970";"8,3856";"41,9882";;
"15,3650";"10,0210";"0,6380";;
"15,3980";"11,1729";"-52,3624";;
"15,4310";"12,0641";"-2,7337";;
"15,4650";"12,5608";"-42,7994";;
"15,4970";"12,7190";"-36,2130";;
"15,5310";"12,4536";"-68,3928";;
"15,5640";"11,8346";"-62,8767";;
"15,5980";"10,8384";"-73,5164";;
"15,6310";"9,5826";"-80,4529";;
"15,6640";"7,9368";"-76,2098";;
"15,6970";"6,0199";"-80,8042";;
"15,7310";"4,0400";"-69,3864";;
"15,7640";"1,8307";"-72,2119";;
"15,7970";"-0,4651";"-70,3359";;
"15,8310";"-2,7965";"-44,5612";;
"15,8640";"-5,0170";"-36,8129";;
"15,8980";"-7,1396";"-32,2743";;
"15,9310";"-9,0654";"-16,0984";;
"15,9980";"-10,7455";"-2,9461";;
"16,0310";"-12,1332";"12,3673";;
"16,0640";"-13,1528";"30,7640";;
"16,0980";"-13,7896";"43,1975";;
"16,1310";"-13,9962";"58,1396";;
"16,1640";"-13,7492";"67,1412";;
"16,1980";"-13,1124";"70,0629";;
"16,2310";"-12,1171";"71,8415";;
"16,2640";"-10,7466";"80,4358";;
"16,2980";"-9,0863";"69,6160";;
"16,3310";"-7,1397";"80,7479";;
"16,3640";"-4,9702";"79,9315";;
"16,3980";"-2,7119";"56,0078";;
"16,4340";"-0,4073";"53,6291";;
"16,4650";"1,8929";"60,4564";;
"16,4950";"4,1132";"47,2525";;
"16,5150";"6,1980";"51,3440";;
"16,5640";"8,0787";"6,7299";;
"16,5980";"9,6378";"-16,5310";;
"16,6310";"11,0574";"29,4920";;
"16,6640";"12,0675";"-43,3729";;
"16,6970";"12,8022";"-3,5448";;
"16,7300";"13,2203";"-38,1913";;
"16,7650";"13,3005";"-41,3980";;
"16,7970";"12,9917";"-63,0063";;
"16,8310";"12,3363";"-60,2231";;
"16,8640";"11,3290";"-75,5526";;
"16,8970";"10,0387";"-75,7378";;
"16,9310";"8,5686";"-69,4229";;
"16,9640";"6,7059";"-89,4704";;
"16,9970";"4,7808";"-62,3047";;
"17,0310";"2,6302";"-69,7241";;
"17,0680";"0,3972";"-56,3671";;
"17,0970";"-1,8875";"-67,7860";;
"17,1320";"-4,1114";"-40,2109";;
"17,1640";"-6,2626";"-41,2927";;
"17,1970";"-8,1500";"4,3917";;
"17,2300";"-9,5292";"78,2876";;
"17,2640";"-10,8766";"-60,1033";;
"17,2970";"-11,9811";"-15,8591";;
"17,3300";"-12,8702";"2,9682";;
"17,3640";"-13,3972";"36,8081";;
"17,3980";"-13,5730";"41,9098";;
"17,4300";"-13,3316";"68,9559";;
"17,4650";"-12,7412";"59,5157";;
"17,4970";"-11,7966";"69,3986";;
"17,5310";"-10,6165";"73,5064";;
"17,5650";"-9,4356";"76,2505";;
"17,5970";"-7,7931";"80,3766";;
"17,6310";"-5,8496";"73,1079";;
"17,6640";"-3,6948";"67,0300";;
"17,6980";"-1,4629";"59,4845";;
"17,7310";"0,8339";"62,8446";;
"17,7630";"3,0370";"39,6665";;
"17,7980";"5,1578";"36,0061";;
"17,8340";"7,0527";"-1,0675";;
"17,8640";"8,7680";"23,4256";;
"17,8970";"10,1987";"-7,6585";;
"17,9310";"11,3532";"-5,5902";;
"17,9650";"12,2478";"-3,3331";;
"17,9970";"12,7956";"-39,2534";;
"18,0310";"13,0114";"-38,1600";;
"18,0640";"12,8309";"-57,2484";;
"18,0970";"12,3218";"-61,1009";;
"18,1310";"11,4528";"-68,8179";;
"18,1640";"10,3383";"-75,5174";;
"18,1970";"8,9035";"-75,7978";;
"18,2310";"7,2438";"-73,5724";;
"18,2640";"5,3686";"-71,0557";;
"18,2970";"3,2687";"-71,5277";;
"18,3310";"1,0694";"-66,1833";;
"18,3640";"-1,2566";"-77,6946";;
"18,3970";"-3,5364";"-43,2597";;
"18,4310";"-5,7430";"-37,7928";;
"18,4640";"-7,7688";"-16,0901";;
"18,4980";"-9,3934";"44,7038";;
"18,5650";"-10,7988";"-4,6217";;
"18,5980";"-12,0636";"-33,1990";;
"18,6310";"-13,0223";"21,7241";;
"18,6640";"-13,5929";"46,0631";;
"18,6980";"-13,6917";"72,5691";;
"18,7310";"-13,3139";"66,7351";;
"18,7640";"-12,5716";"67,2080";;
"18,8010";"-11,4673";"63,0981";;
"18,8300";"-10,0582";"86,8012";;
"18,8640";"-8,5367";"77,7772";;
"18,8980";"-6,7349";"73,3087";;
"18,9310";"-4,5879";"71,4024";;
"18,9640";"-2,3080";"62,0228";;
"18,9970";"0,0215";"61,0938";;
"19,0310";"2,2788";"51,3057";;
"19,0640";"4,4198";"31,5202";;
"19,0970";"6,4001";"18,5013";;
"19,1310";"8,2522";"30,9683";;
"19,1980";"9,8335";"-2,8591";;
"19,2310";"11,0560";"-28,5837";;
"19,2640";"11,9615";"-20,5303";;
"19,2970";"12,5125";"-35,9923";;
"19,3310";"12,6556";"-59,8233";;
"19,3640";"12,4244";"-52,2903";;
"19,3970";"11,7978";"-66,9738";;
"19,4320";"10,8333";"-66,8093";;
"19,4660";"9,5438";"-77,6481";;
"19,4850";"7,8994";"-131,3749";;
"19,5310";"6,0368";"-51,5816";;
"19,5640";"4,0223";"-74,6412";;
"19,5970";"1,8541";"-67,0830";;
"19,6310";"-0,3969";"-59,3000";;
"19,6640";"-2,6376";"-58,5169";;
"19,6980";"-4,8172";"-32,7972";;
"19,7310";"-6,9077";"-39,9335";;
"19,7630";"-8,7833";"-5,9572";;
"19,8310";"-10,2508";"21,2016";;
"19,8650";"-11,5815";"-33,1677";;
"19,8970";"-12,5893";"26,7285";;
"19,9310";"-13,2352";"33,9969";;
"19,9650";"-13,4977";"47,6712";;
"19,9980";"-13,3729";"56,2752";;
"20,0300";"-12,8346";"68,8606";;
"20,0640";"-11,9333";"73,9636";;
"20,0970";"-10,6657";"71,0516";;
"20,1300";"-9,1128";"80,6872";;
"20,1650";"-7,4540";"71,4571";;
"20,1970";"-5,4318";"78,3387";;
"20,2310";"-3,2625";"68,3988";;
"20,2640";"-1,0081";"60,8068";;
"20,2970";"1,2393";"47,0150";;
"20,3310";"3,4433";"41,8304";;
"20,3650";"5,5384";"32,8021";;
"20,3980";"7,3821";"0,0369";;
"20,4310";"8,9156";"-22,9800";;
"20,4640";"10,3500";"50,6806";;
"20,4980";"11,4546";"-23,4458";;
"20,5310";"12,2152";"-28,3091";;
"20,5640";"12,6685";"-22,6014";;
"20,5970";"12,7760";"-44,0295";;
"20,6310";"12,5557";"-50,7458";;
"20,6640";"11,9730";"-66,7264";;
"20,6970";"11,0423";"-71,6566";;
"20,7310";"9,8763";"-69,1671";;
"20,7640";"8,5059";"-84,9414";;
"20,7970";"6,7311";"-71,8362";;
"20,8310";"4,7871";"-73,2489";;
"20,8640";"2,6845";"-76,3394";;
"20,8980";"0,4507";"-60,5083";;
"20,9310";"-1,8329";"-59,1434";;
"20,9640";"-4,0748";"-39,6559";;
"20,9980";"-6,2086";"-32,9582";;
"21,0300";"-8,1479";"-13,1259";;
"21,0640";"-9,5481";"89,3882";;
"21,1310";"-11,0204";"-52,5813";;
"21,1640";"-12,1845";"21,5294";;
"21,1980";"-12,9900";"32,2211";;
"21,2310";"-13,3839";"48,4137";;
"21,2640";"-13,3807";"57,9449";;
"21,2980";"-12,9673";"63,2953";;
"21,3310";"-12,1852";"72,0417";;
"21,3630";"-11,0256";"82,9556";;
"21,3980";"-9,5872";"67,6607";;
"21,4310";"-8,1567";"89,6678";;
"21,4630";"-6,1382";"73,6939";;
"21,4970";"-3,9535";"69,7823";;
"21,5310";"-1,6749";"59,8349";;
"21,5640";"0,6196";"53,2188";;
"21,5980";"2,8985";"51,6591";;
"21,6310";"5,0701";"32,6991";;
"21,6650";"6,9878";"-4,7572";;
"21,6970";"8,7774";"42,9237";;
"21,7310";"10,0807";"-73,3743";;
"21,7640";"11,3079";"66,6136";;
"21,7980";"12,1492";"-44,1407";;
"21,8310";"12,7301";"-7,0200";;
"21,8640";"12,9324";"-53,0967";;
"21,8970";"12,7986";"-48,5922";;
"21,9310";"12,2991";"-55,9208";;
"21,9660";"11,4865";"-58,6155";;
"21,9970";"10,4254";"-85,3866";;
"22,0310";"8,9614";"-78,1277";;
"22,0650";"7,5101";"-69,6059";;
"22,0970";"5,5871";"-78,7278";;
"22,1300";"3,5930";"-66,9978";;
"22,1650";"1,4013";"-63,1061";;
"22,1970";"-0,8362";"-69,0555";;
"22,2300";"-3,0597";"-44,3397";;
"22,2640";"-5,2393";"-43,0352";;
"22,2980";"-7,3150";"-29,7485";;
"22,3300";"-9,1771";"-15,9971";;
"22,4010";"-10,7677";"0,8340";;
"22,4150";"-12,0531";"48,9592";;
"22,4640";"-12,9939";"18,9137";;
"22,4970";"-13,5607";"46,3078";;
"22,5310";"-13,7379";"49,6703";;
"22,5640";"-13,4448";"75,5045";;
"22,5970";"-12,7824";"67,5928";;
"22,6310";"-11,7379";"69,3692";;
"22,6640";"-10,3256";"80,7643";;
"22,6970";"-8,6107";"76,2078";;
"22,7310";"-6,6648";"69,6859";;
"22,7640";"-4,5237";"79,9170";;
"22,8010";"-2,2996";"47,4721";;
"22,8150";"-0,0232";"146,5202";;
"22,8650";"2,2563";"34,3997";;
"22,9010";"4,4131";"35,1257";;
"22,9150";"6,3793";"23,1807";;
