Tempo;Angle;omega;x;y
s;degrees;degrees/s;;
"0,0480";"10,4389";"-104,1707";;
"0,0710";"12,2036";"217,4679";;
"0,0880";"13,4574";"-124,9753";;
"0,1300";"14,3264";"-28,7954";;
"0,1630";"14,6648";"-54,5075";;
"0,1970";"14,6509";"-56,6106";;
"0,2290";"14,2363";"-61,2036";;
"0,2640";"13,3019";"-101,0277";;
"0,2960";"11,9661";"-82,1329";;
"0,3300";"10,1104";"-93,2291";;
"0,3630";"8,4937";"-85,4086";;
"0,3960";"6,0434";"-101,0322";;
"0,4300";"3,5610";"-71,9526";;
"0,4630";"0,9728";"-68,7133";;
"0,5010";"-1,6397";"-53,7068";;
"0,5290";"-4,1759";"-41,5204";;
"0,5630";"-6,1579";"105,4221";;
"0,5960";"-7,8378";"-15,6229";;
"0,6300";"-9,3421";"-25,6478";;
"0,6640";"-11,0728";"-159,8235";;
"0,6970";"-11,8795";"194,5902";;
"0,7300";"-12,2897";"19,1465";;
"0,7630";"-12,6869";"-70,2136";;
"0,7970";"-12,8377";"5,7680";;
"0,8300";"-12,5588";"68,3845";;
"0,8630";"-11,9056";"78,1699";;
"0,8970";"-11,3841";"66,7095";;
"0,9350";"-10,4769";"87,9408";;
"0,9630";"-9,1841";"106,5269";;
"0,9970";"-7,0671";"82,6063";;
"1,0300";"-5,3106";"85,3582";;
"1,0630";"-3,3019";"95,5582";;
"1,0970";"-0,8661";"57,4856";;
"1,1300";"1,7290";"54,1949";;
"1,1640";"4,2676";"49,7584";;
"1,1970";"6,6742";"38,1867";;
"1,2300";"8,9139";"18,1346";;
"1,2640";"10,5308";"-84,8733";;
"1,2970";"12,1262";"83,8737";;
"1,3300";"13,3747";"-20,0328";;
"1,3640";"14,2030";"-40,7313";;
"1,3970";"14,5189";"-59,7080";;
"1,4310";"14,4477";"-56,3767";;
"1,4640";"14,0058";"-58,1472";;
"1,4970";"13,0412";"-107,1099";;
"1,5310";"11,6701";"-82,4862";;
"1,5640";"9,9575";"-85,3745";;
"1,5970";"8,2339";"-90,7525";;
"1,6300";"5,9002";"-101,0405";;
"1,6640";"3,4055";"-66,7578";;
"1,6980";"0,8049";"-71,9181";;
"1,7310";"-1,7979";"-60,3261";;
"1,7640";"-4,2779";"-20,9294";;
"1,7980";"-6,5303";"10,5498";;
"1,8310";"-8,1926";"71,6903";;
"1,8640";"-9,7224";"-44,8446";;
"1,8970";"-11,3922";"-127,7964";;
"1,9310";"-12,1813";"170,9590";;
"1,9640";"-12,5622";"22,6555";;
"1,9960";"-12,8531";"-42,8197";;
"2,0340";"-12,9862";"-22,8028";;
"2,0630";"-12,6945";"77,8169";;
"2,0970";"-12,0758";"75,8708";;
"2,1310";"-11,2641";"67,3161";;
"2,1640";"-10,3393";"105,9601";;
"2,1980";"-8,9858";"82,5646";;
"2,2310";"-6,9121";"90,4349";;
"2,2640";"-5,1556";"80,0327";;
"2,2970";"-3,1407";"100,9277";;
"2,3300";"-0,8112";"53,8581";;
"2,3640";"1,7970";"56,4494";;
"2,3970";"4,3535";"52,7423";;
"2,4310";"6,7602";"31,7824";;
"2,4640";"8,8999";"-11,5176";;
"2,4970";"10,3306";"-108,9085";;
"2,5310";"12,0472";"166,6418";;
"2,5640";"13,2840";"-54,9449";;
"2,5980";"14,1122";"-42,4688";;
"2,6300";"14,4283";"-55,9968";;
"2,6640";"14,3709";"-57,5490";;
"2,6970";"13,8951";"-68,6551";;
"2,7320";"12,8949";"-100,0737";;
"2,7650";"11,5239";"-79,6494";;
"2,8000";"9,8915";"-85,5260";;
"2,8330";"8,3366";"-85,4176";;
"2,8630";"5,8793";"-111,9601";;
"2,8980";"3,3788";"-64,1514";;
"2,9310";"0,7603";"-79,4849";;
"2,9640";"-1,8831";"-61,8514";;
"2,9980";"-4,3914";"-17,8275";;
"3,0310";"-6,3348";"102,5338";;
"3,0650";"-7,9795";"-15,1634";;
"3,0980";"-9,0359";"98,6157";;
"3,1310";"-10,2670";"-143,6493";;
"3,1650";"-11,0445";"50,4990";;
"3,1980";"-11,4114";"22,6661";;
"3,2310";"-11,8326";"-84,5168";;
"3,2650";"-11,9349";"16,6771";;
"3,2980";"-11,5851";"75,1240";;
"3,3310";"-10,9520";"67,4771";;
"3,3640";"-10,4305";"68,7310";;
"3,3980";"-9,5057";"103,4503";;
"3,4310";"-8,6078";"90,4656";;
"3,4650";"-6,9552";"82,5348";;
"3,5040";"-5,2102";"67,7200";;
"3,5310";"-3,2070";"123,3561";;
"3,5640";"-0,7471";"53,8581";;
"3,5970";"1,8301";"52,7404";;
"3,6320";"4,3334";"49,7081";;
"3,6650";"6,7401";"38,1867";;
"3,6980";"9,0667";"44,4738";;
"3,7310";"10,5395";"-152,1337";;
"3,7650";"12,1052";"115,1255";;
"3,7980";"13,3058";"-25,6009";;
"3,8310";"14,0981";"-43,6817";;
"3,8650";"14,3785";"-52,6243";;
"3,8980";"14,3073";"-52,6807";;
"3,9310";"13,8140";"-75,1603";;
"3,9640";"12,8142";"-100,7684";;
"3,9980";"11,4255";"-77,3104";;
"4,0310";"9,5908";"-90,7056";;
"4,0650";"7,9585";"-88,1035";;
"4,0980";"5,6190";"-95,7038";;
"4,1310";"3,1192";"-74,1590";;
"4,1650";"0,5410";"-65,4721";;
"4,1980";"-2,0667";"-63,1479";;
"4,2310";"-4,4527";"14,5170";;
"4,2650";"-6,3607";"67,6005";;
"4,2980";"-7,9763";"-12,1244";;
"4,3310";"-9,3073";"6,5441";;
"4,3640";"-10,3888";"-15,0472";;
"4,3970";"-11,1310";"12,0003";;
"4,4310";"-11,4827";"21,9995";;
"4,4640";"-11,8936";"-92,1148";;
"4,4980";"-11,9491";"39,0473";;
"4,5310";"-11,5993";"59,6740";;
"4,5690";"-11,0571";"63,2424";;
"4,5980";"-10,5160";"78,8935";;
"4,6310";"-9,6027";"100,6379";;
"4,6640";"-8,3952";"95,6987";;
"4,6980";"-6,8747";"77,4557";;
"4,7310";"-5,1298";"80,0327";;
"4,7640";"-3,1265";"100,9277";;
"4,7980";"-0,6416";"52,2741";;
"4,8300";"1,9205";"65,5707";;
"4,8640";"4,4238";"40,6458";;
"4,8970";"6,8068";"36,3757";;
"4,9310";"9,0162";"16,2410";;
"4,9640";"10,9086";"4,5491";;
"4,9970";"12,4264";"-17,7818";;
"5,0310";"13,6033";"-22,8464";;
"5,0640";"14,3777";"-41,9194";;
"5,0980";"14,6357";"-53,8979";;
"5,1310";"14,5253";"-57,8294";;
"5,1640";"13,9785";"-68,6084";;
"5,1980";"12,9435";"-102,9650";;
"5,2310";"11,5250";"-79,8604";;
"5,2650";"9,7525";"-87,8414";;
"5,2970";"7,6669";"-93,1694";;
"5,3320";"5,3226";"-90,6790";;
"5,3640";"2,8323";"-69,8766";;
"5,3970";"0,2189";"-79,2640";;
"5,4310";"-2,3969";"-54,5828";;
"5,4640";"-4,8762";"-16,4483";;
"5,4980";"-6,8014";"96,3621";;
"5,5310";"-8,4164";"-12,0808";;
"5,5650";"-9,4484";"93,9438";;
"5,5980";"-10,5128";"-100,2934";;
"5,6310";"-11,2328";"14,0028";;
"5,6640";"-11,5722";"19,1465";;
"5,6980";"-11,8932";"-60,3381";;
"5,7360";"-11,9595";"-1,8274";;
"5,7650";"-11,6147";"77,8169";;
"5,7970";"-10,9752";"75,0957";;
"5,8310";"-10,3992";"77,6742";;
"5,8650";"-9,4513";"97,6780";;
"5,8980";"-8,5246";"90,3825";;
"5,9310";"-6,9859";"85,1190";;
"5,9640";"-5,2316";"79,3551";;
"5,9980";"-3,2264";"92,4053";;
"6,0310";"-0,8390";"53,6277";;
"6,0640";"1,7513";"59,3706";;
"6,0980";"4,2720";"45,8933";;
"6,1310";"6,6782";"38,1538";;
"6,1640";"8,9800";"48,3752";;
"6,1980";"10,5398";"-120,5460";;
"6,2310";"12,0159";"65,0130";;
"6,2650";"13,1804";"-9,0406";;
"6,2970";"13,9442";"-43,3873";;
"6,3310";"14,1922";"-59,2751";;
"6,3640";"14,1073";"-47,2607";;
"6,3980";"13,5816";"-72,0488";;
"6,4290";"12,5661";"-107,6298";;
"6,4590";"11,1603";"-88,1623";;
"6,4980";"9,2986";"-75,9346";;
"6,5310";"7,5440";"-91,7575";;
"6,5650";"5,2590";"-92,9077";;
"6,5980";"2,7777";"-68,8148";;
"6,6320";"0,1904";"-71,9862";;
"6,6640";"-2,3817";"-58,2259";;
"6,6980";"-4,7422";"16,3489";;
"6,7310";"-6,6410";"65,6897";;
"6,7650";"-8,2460";"-11,7395";;
"6,7980";"-9,9684";"-115,7036";;
"6,8310";"-10,9881";"123,1919";;
"6,8700";"-11,6765";"7,2884";;
"6,8980";"-11,9680";"28,9482";;
"6,9310";"-12,3425";"-93,9314";;
"6,9640";"-12,3050";"50,6426";;
"6,9980";"-11,8856";"57,5245";;
"7,0310";"-11,2779";"73,9101";;
"7,0650";"-10,6585";"67,2187";;
"7,0980";"-9,6469";"106,7225";;
"7,1310";"-7,9579";"89,6073";;
"7,1650";"-6,4119";"77,4886";;
"7,1980";"-4,6299";"80,1027";;
"7,2310";"-2,5957";"101,0076";;
"7,2650";"-0,0914";"47,1190";;
"7,2980";"2,4380";"58,2042";;
"7,3310";"4,9516";"54,5195";;
"7,3650";"7,3058";"24,8453";;
"7,3980";"9,3079";"-37,4569";;
"7,4310";"10,8566";"-30,6655";;
"7,4650";"12,3463";"69,6355";;
"7,4980";"13,5124";"-18,2624";;
"7,5360";"14,2570";"-41,3254";;
"7,5650";"14,4887";"-61,9391";;
"7,5980";"14,3640";"-59,4455";;
"7,6320";"13,8023";"-72,0683";;
"7,6640";"12,7268";"-104,2839";;
"7,6980";"11,2848";"-82,9865";;
"7,7310";"9,6847";"-85,3654";;
"7,7650";"7,9038";"-82,9236";;
"7,7970";"5,5527";"-104,2166";;
"7,8310";"3,0382";"-65,7749";;
"7,8640";"0,4504";"-69,7828";;
"7,8970";"-2,1618";"-61,8508";;
"7,9310";"-4,4877";"26,5206";;
"7,9640";"-6,3818";"56,5784";;
"7,9980";"-7,9823";"-11,7698";;
"8,0650";"-9,3006";"0,0000";;
"8,0980";"-10,2972";"12,1264";;
"8,1310";"-11,1757";"-49,6548";;
"8,1640";"-11,7575";"-11,1488";;
"8,1980";"-12,0145";"29,7346";;
"8,2310";"-11,8196";"67,1961";;
"8,2640";"-11,1766";"73,9101";;
"8,2980";"-10,3602";"77,5366";;
"8,3310";"-9,3983";"100,6412";;
"8,3640";"-8,1158";"85,0581";;
"8,3980";"-6,5522";"82,6619";;
"8,4310";"-4,7642";"80,1266";;
"8,4640";"-2,4967";"95,6537";;
"8,4980";"-0,0322";"47,1190";;
"8,5360";"2,5233";"50,5457";;
"8,5640";"5,0313";"62,2173";;
"8,5980";"7,4036";"31,8427";;
"8,6310";"9,3265";"-56,2859";;
"8,6640";"11,0343";"35,4366";;
"8,6980";"12,5240";"18,4336";;
"8,7310";"13,6363";"-29,2214";;
"8,7650";"14,3452";"-40,8516";;
"8,7970";"14,5590";"-56,0909";;
"8,8310";"14,4166";"-57,6611";;
"8,8640";"13,8194";"-79,5990";;
"8,8970";"12,7304";"-96,2316";;
"8,9310";"11,2703";"-77,3192";;
"8,9640";"9,6966";"-90,7010";;
"8,9970";"7,7064";"-90,7958";;
"9,0310";"5,3552";"-87,7059";;
"9,0640";"2,8769";"-67,7681";;
"9,0970";"0,3072";"-69,7828";;
"9,1310";"-2,2872";"-60,0317";;
"9,1650";"-4,6166";"20,2448";;
"9,1980";"-6,4753";"63,0444";;
"9,2310";"-8,0565";"-12,1264";;
"9,2840";"-9,7366";"-68,2602";;
"9,3040";"-10,7556";"180,8895";;
"9,3310";"-11,4288";"17,0859";;
"9,3650";"-11,9810";"-52,1061";;
"9,3980";"-12,3750";"-19,8343";;
"9,4310";"-12,3666";"52,1627";;
"9,4650";"-11,9464";"61,0864";;
"9,4980";"-11,3723";"67,5044";;
"9,5310";"-10,7266";"84,7122";;
"9,5650";"-9,7248";"92,9971";;
"9,5980";"-8,0623";"90,5568";;
"9,6310";"-6,4987";"79,6681";;
"9,6650";"-4,7017";"82,2136";;
"9,6980";"-2,4270";"91,0754";;
"9,7310";"0,0912";"53,9576";;
"9,7650";"2,6294";"56,5133";;
"9,7980";"5,1162";"47,3580";;
"9,8310";"7,4885";"32,8076";;
"9,8650";"9,4947";"-25,4561";;
"9,8980";"11,2729";"26,7175";;
"9,9310";"12,8118";"18,0359";;
"9,9650";"13,9241";"-48,1454";;
"9,9980";"14,6179";"-42,0895";;
"10,0310";"14,8138";"-59,8091";;
"10,0650";"14,6535";"-52,4025";;
"10,0980";"14,0207";"-84,9612";;
"10,1310";"12,9317";"-90,8693";;
"10,1650";"11,4540";"-82,4994";;
"10,1980";"9,7840";"-84,5033";;
"10,2310";"7,7409";"-86,3083";;
"10,2640";"5,3049";"-101,0696";;
"10,2980";"2,8054";"-66,7892";;
"10,3310";"0,2222";"-67,4563";;
"10,3640";"-2,3720";"-63,1692";;
"10,3970";"-4,6731";"34,8583";;
"10,4310";"-6,5141";"52,8382";;
"10,4640";"-8,0953";"-12,1264";;
"10,5310";"-9,6953";"-44,6687";;
"10,5640";"-10,6710";"104,6703";;
"10,5970";"-11,5235";"-48,9640";;
"10,6310";"-12,0343";"2,3801";;
"10,6650";"-12,2349";"24,4530";;
"10,6970";"-11,9912";"69,2957";;
"10,7310";"-11,3128";"66,5296";;
"10,7650";"-10,4523";"87,3868";;
"10,7980";"-9,4729";"90,4708";;
"10,8310";"-8,1546";"90,5771";;
"10,8650";"-6,2742";"77,3192";;
"10,8980";"-4,4392";"90,8693";;
"10,9310";"-2,1624";"84,9612";;
"10,9650";"0,2846";"52,4025";;
"10,9980";"2,8406";"58,2480";;
"11,0310";"5,3190";"43,6506";;
"11,0650";"7,6737";"30,1644";;
"11,0970";"9,7792";"14,9941";;
"11,1310";"11,6239";"11,0763";;
"11,1650";"13,0779";"-26,9909";;
"11,1980";"14,1726";"-29,2214";;
"11,2310";"14,8285";"-42,0895";;
"11,2640";"15,0066";"-59,8091";;
"11,2980";"14,8285";"-52,4025";;
"11,3360";"14,1600";"-78,4369";;
"11,3650";"13,0477";"-103,3702";;
"11,3980";"11,5524";"-85,0048";;
"11,4310";"9,7274";"-85,3630";;
"11,4650";"7,5120";"-103,7214";;
"11,4980";"5,1459";"-73,5200";;
"11,5310";"2,6287";"-74,9829";;
"11,5650";"0,0278";"-65,4732";;
"11,5970";"-2,4855";"-34,2899";;
"11,6310";"-4,8307";"-2,9743";;
"11,6640";"-6,6479";"69,6703";;
"11,6980";"-8,2115";"-13,5682";;
"11,7640";"-9,4946";"0,0000";;
"11,7980";"-10,4383";"16,9570";;
"11,8310";"-10,9545";"22,7109";;
"11,8640";"-11,4943";"-80,6892";;
"11,8980";"-11,6814";"30,9382";;
"11,9310";"-11,4165";"69,5222";;
"11,9640";"-10,8191";"67,5127";;
"11,9980";"-9,9145";"87,3868";;
"12,0320";"-8,9413";"87,8099";;
"12,0640";"-7,6229";"93,4076";;
"12,0980";"-6,0418";"77,3192";;
"12,1310";"-4,2184";"90,8693";;
"12,1640";"-2,2073";"79,5798";;
"12,1980";"0,2660";"57,6257";;
"12,2310";"2,8083";"52,8115";;
"12,2650";"5,2833";"47,6434";;
"12,2980";"7,6199";"25,5982";;
"12,3310";"9,6353";"-7,2893";;
"12,3650";"11,3893";"10,9206";;
"12,3970";"12,8073";"-11,6032";;
"12,4310";"13,8839";"-23,0817";;
"12,4650";"14,5038";"-46,1299";;
"12,4980";"14,6819";"-54,3129";;
"12,5320";"14,4860";"-52,3706";;
"12,5640";"13,8001";"-98,6429";;
"12,5980";"12,6702";"-82,9432";;
"12,6310";"11,1930";"-79,6748";;
"12,6650";"9,4229";"-93,2114";;
"12,6990";"7,2982";"-93,3623";;
"12,7410";"4,9680";"-57,7657";;
"12,7750";"2,4689";"-72,7776";;
"12,7940";"-0,0960";"-117,1626";;
"12,8320";"-2,6902";"-54,8796";;
"12,8650";"-5,0510";"16,7842";;
"12,8980";"-6,8390";"77,9125";;
"12,9320";"-8,3850";"-11,7698";;
"12,9990";"-9,6681";"0,0000";;
"13,0310";"-10,5766";"18,0168";;
"13,0650";"-11,3310";"-48,0379";;
"13,0980";"-11,8547";"-3,6130";;
"13,1320";"-12,0376";"27,4652";;
"13,1650";"-11,7727";"68,2288";;
"13,1980";"-11,0765";"67,5127";;
"13,2310";"-10,1210";"95,3637";;
"13,2650";"-9,1213";"88,6011";;
"13,2980";"-7,7854";"89,7708";;
"13,3320";"-6,1866";"77,3141";;
"13,3650";"-4,3306";"95,4078";;
"13,3980";"-2,0813";"69,7088";;
"13,4320";"0,3715";"56,3305";;
"13,4650";"2,9096";"54,1459";;
"13,4980";"5,3845";"49,0871";;
"13,5320";"7,7211";"24,8453";;
"13,5650";"9,6689";"-22,4563";;
"13,5970";"11,5378";"69,4728";;
"13,6310";"12,9441";"-48,9046";;
"13,6640";"13,9851";"-31,0628";;
"13,6980";"14,5725";"-40,8231";;
"13,7310";"14,6615";"-81,2839";;
"13,7690";"14,4522";"-28,1065";;
"13,7970";"13,7487";"-112,7058";;
"13,8310";"12,6188";"-77,7468";;
"13,8650";"11,1064";"-87,6897";;
"13,8980";"9,3863";"-85,3638";;
"13,9320";"7,1088";"-98,5594";;
"13,9640";"4,7374";"-81,3128";;
"13,9980";"2,2599";"-61,3672";;
"14,0310";"-0,3050";"-68,5301";;
"14,0640";"-2,8050";"-61,6137";;
"14,0980";"-5,1019";"28,3317";;
"14,1310";"-6,8722";"63,9255";;
"14,1650";"-8,4182";"-11,7698";;
"14,2310";"-9,6546";"1,7485";;
"14,2650";"-10,5515";"16,9503";;
"14,2980";"-11,2974";"-55,7618";;
"14,3300";"-11,8417";"-18,3074";;
"14,3640";"-12,0324";"42,6298";;
"14,3980";"-11,7357";"76,8523";;
"14,4310";"-11,0095";"68,5245";;
"14,4650";"-10,0825";"87,3729";;
"14,5020";"-9,0856";"75,9274";;
"14,5310";"-7,7504";"102,8451";;
"14,5640";"-6,1632";"79,8762";;
"14,5980";"-4,3187";"92,6017";;
"14,6310";"-2,0424";"75,0902";;
"14,6650";"0,4374";"42,6256";;
"14,6970";"2,9797";"64,8498";;
"14,7310";"5,4171";"45,9651";;
"14,7650";"7,7185";"26,5235";;
"14,7980";"9,8214";"29,8856";;
"14,8310";"11,5193";"-37,6182";;
"14,8650";"12,9264";"2,1909";;
"14,8980";"13,9673";"-31,0628";;
"14,9310";"14,5547";"-42,0601";;
"14,9640";"14,6547";"-72,5876";;
"14,9980";"14,4706";"-40,9142";;
"15,0310";"13,7494";"-99,8883";;
"15,0650";"12,5915";"-82,4969";;
"15,0980";"11,0794";"-79,9771";;
"15,1310";"9,1866";"-85,4877";;
"15,1650";"7,0652";"-103,7578";;
"15,1970";"4,6938";"-75,7894";;
"15,2310";"2,1985";"-66,5654";;
"15,2640";"-0,3841";"-68,5516";;
"15,2980";"-2,9128";"-54,5826";;
"15,3310";"-5,1943";"32,7442";;
"15,3640";"-6,9409";"62,2246";;
"15,3980";"-8,4531";"-13,5682";;
"15,4650";"-9,6783";"3,4440";;
"15,4980";"-10,5753";"13,9685";;
"15,5300";"-11,2885";"-52,8328";;
"15,5650";"-11,6739";"24,3853";;
"15,5980";"-11,8116";"6,5060";;
"15,6310";"-11,4938";"69,4445";;
"15,6640";"-10,7676";"67,5311";;
"15,6980";"-9,8348";"92,5429";;
"15,7310";"-8,8089";"90,4364";;
"15,7650";"-7,4553";"82,7954";;
"15,7980";"-5,8796";"74,3187";;
"15,8360";"-4,0352";"82,8542";;
"15,8650";"-1,7738";"85,4475";;
"15,8980";"0,5462";"43,6665";;
"15,9310";"3,0532";"63,1354";;
"15,9650";"5,4930";"47,6434";;
"15,9980";"7,7943";"25,5982";;
"16,0310";"9,9716";"57,7411";;
"16,0660";"11,7453";"-30,0479";;
"16,0980";"13,1341";"-32,3270";;
"16,1310";"14,1750";"-31,0628";;
"16,1640";"14,7264";"-52,9540";;
"16,1990";"14,8510";"-51,1378";;
"16,2460";"14,6537";"-37,8402";;
"16,2690";"13,9325";"-137,1732";;
"16,2990";"12,7675";"-93,9480";;
"16,3320";"11,2554";"-79,5665";;
"16,3650";"9,2354";"-96,1625";;
"16,3980";"6,9854";"-101,5846";;
"16,4310";"4,6140";"-68,1353";;
"16,4650";"2,1011";"-71,7663";;
"16,4980";"-0,4588";"-67,1991";;
"16,5310";"-2,9664";"-38,3733";;
"16,5650";"-5,2168";"23,3281";;
"16,5980";"-6,9633";"57,0764";;
"16,6310";"-8,4742";"-13,9794";;
"16,6650";"-10,0516";"-96,8264";;
"16,6980";"-10,9595";"106,7529";;
"16,7320";"-11,4860";"13,5576";;
"16,7650";"-11,9471";"-48,2821";;
"16,7980";"-12,1710";"-2,1149";;
"16,8320";"-12,0651";"31,8230";;
"16,8650";"-11,5931";"72,5402";;
"16,8980";"-10,9743";"68,5150";;
"16,9320";"-10,2281";"92,8974";;
"16,9650";"-9,1561";"84,7386";;
"16,9980";"-7,4733";"85,3044";;
"17,0320";"-5,8624";"82,4882";;
"17,0650";"-4,0003";"90,0859";;
"17,0980";"-1,7347";"73,9749";;
"17,1310";"0,7154";"53,8218";;
"17,1650";"3,2541";"57,8720";;
"17,1980";"5,6738";"36,4807";;
"17,2320";"7,9757";"31,8427";;
"17,2650";"10,0614";"30,1840";;
"17,2980";"11,8356";"-9,6232";;
"17,3320";"13,2183";"-32,3501";;
"17,3650";"14,2061";"-34,7117";;
"17,3980";"14,7349";"-48,9691";;
"17,4310";"14,8456";"-52,7590";;
"17,4640";"14,6008";"-53,8936";;
"17,4980";"13,8260";"-97,9863";;
"17,5320";"12,6667";"-77,7026";;
"17,5650";"11,1012";"-90,2755";;
"17,5980";"9,1541";"-85,4536";;
"17,6310";"6,9035";"-101,5846";;
"17,6640";"4,5381";"-68,1353";;
"17,6980";"2,0432";"-71,7663";;
"17,7310";"-0,5163";"-68,5738";;
"17,7650";"-3,0175";"-34,0351";;
"17,7980";"-5,0278";"94,8707";;
"17,8310";"-6,7744";"-21,0572";;
"17,8640";"-8,2852";"-8,6135";;
"17,9020";"-9,9349";"-114,9319";;
"17,9310";"-10,8428";"158,5573";;
"17,9640";"-11,3753";"12,1557";;
"17,9980";"-11,8270";"-42,3535";;
"18,0320";"-12,0838";"-14,4561";;
"18,0640";"-11,9557";"49,5764";;
"18,0980";"-11,4724";"70,4063";;
"18,1310";"-11,0762";"68,5060";;
"18,1640";"-10,3122";"90,3819";;
"18,1980";"-9,2227";"87,4058";;
"18,2310";"-7,4156";"85,0700";;
"18,2640";"-5,8047";"79,9063";;
"18,2980";"-3,9190";"92,6284";;
"18,3310";"-1,6628";"68,6254";;
"18,3640";"0,8085";"50,2705";;
"18,3980";"3,3296";"61,3189";;
"18,4310";"5,7317";"36,4807";;
"18,4640";"7,9979";"27,3273";;
"18,4980";"9,9624";"-1,0112";;
"18,5310";"11,7180";"26,7469";;
"18,5650";"13,0660";"-37,3125";;
"18,5980";"14,0537";"-29,2628";;
"18,6320";"14,5698";"-46,0943";;
"18,6640";"14,6226";"-73,9930";;
"18,6980";"14,3718";"-40,5245";;
"18,7310";"13,5794";"-100,9310";;
"18,7650";"12,4025";"-77,6817";;
"18,7980";"10,8548";"-85,0346";;
"18,8310";"9,0289";"-85,3678";;
"18,8650";"6,7637";"-103,2129";;
"18,8980";"4,3986";"-68,7242";;
"18,9310";"1,9037";"-68,5961";;
"18,9640";"-0,6562";"-67,1991";;
"18,9980";"-3,1320";"-44,9235";;
"19,0310";"-5,3806";"27,1301";;
"19,0640";"-7,0919";"61,8929";;
"19,0980";"-8,5673";"-8,3174";;
"19,1310";"-10,2582";"-150,3517";;
"19,1650";"-11,1661";"147,4656";;
"19,1980";"-11,6598";"19,1721";;
"19,2310";"-12,1022";"-53,2100";;
"19,2650";"-12,3785";"-17,6901";;
"19,2980";"-12,2373";"59,2995";;
"19,3310";"-11,7216";"67,2031";;
"19,3650";"-11,0693";"66,4912";;
"19,3980";"-10,3067";"95,3343";;
"19,4320";"-9,2175";"87,7583";;
"19,4650";"-7,3513";"85,0748";;
"19,4980";"-5,7404";"74,5858";;
"19,5320";"-3,8778";"92,6284";;
"19,5650";"-1,5916";"75,1656";;
"19,5980";"0,8974";"43,2172";;
"19,6330";"3,4009";"60,0506";;
"19,6760";"5,8210";"32,1838";;
"19,7010";"8,0872";"28,8704";;
"19,7320";"10,1989";"51,6485";;
"19,7650";"11,9344";"-23,6053";;
"19,8020";"13,2648";"-33,5808";;
"19,8320";"14,2525";"-32,1891";;
"19,8640";"14,7507";"-54,5861";;
"19,8980";"14,7805";"-64,7842";;
"19,9310";"14,5136";"-46,6850";;
"19,9650";"13,7036";"-97,9396";;
"19,9970";"12,4923";"-82,1316";;
"20,0310";"10,9271";"-82,9040";;
"20,0650";"8,9023";"-88,0420";;
"20,1030";"6,6201";"-88,2550";;
"20,1310";"4,2550";"-73,9679";;
"20,1650";"1,7424";"-71,7823";;
"20,1980";"-0,8218";"-68,5968";;
"20,2340";"-3,2977";"-36,6338";;
"20,2670";"-5,5151";"31,6358";;
"20,3000";"-7,2088";"57,8256";;
"20,3330";"-8,6678";"-8,5695";;
"20,3680";"-10,2607";"-118,7638";;
"20,4010";"-11,1218";"131,0383";;
"20,4350";"-11,5958";"15,2168";;
"20,4690";"-12,0310";"-49,5154";;
"20,5020";"-12,2375";"-4,6553";;
"20,5370";"-12,0780";"39,9035";;
"20,5610";"-11,5463";"100,1253";;
"20,6000";"-10,9075";"54,2413";;
"20,6330";"-10,1273";"100,6580";;
"20,6670";"-9,0381";"82,5912";;
"20,7060";"-7,2348";"76,4890";;
"20,7320";"-5,6178";"94,6863";;
"20,7670";"-3,7376";"89,9962";;
"20,8000";"-1,4586";"69,8138";;
"20,8350";"0,9832";"42,1324";;
"20,8670";"3,4907";"64,1658";;
"20,9000";"5,8963";"41,9364";;
"20,9330";"8,1564";"20,0359";;
"21,0000";"10,2131";"19,2119";;
"21,0330";"11,8302";"-48,1159";;
"21,0670";"13,0285";"-35,4399";;
"21,1000";"13,8013";"-54,3472";;
"21,1330";"14,0891";"-51,4935";;
"21,1670";"13,9649";"-53,4456";;
"21,2000";"13,3602";"-100,9075";;
"21,2390";"12,2697";"-71,9116";;
"21,2650";"10,7590";"-108,4017";;
"21,3000";"8,9004";"-80,4965";;
"21,3330";"6,5600";"-106,9893";;
"21,3670";"4,1890";"-55,7102";;
"21,4000";"1,6768";"-79,3220";;
"21,4330";"-0,8648";"-63,2323";;
"21,4670";"-3,3821";"-42,8344";;
"21,5000";"-5,3569";"109,3211";;
"21,5330";"-7,0621";"-19,1841";;
"21,5670";"-8,5035";"-4,9274";;
"21,6000";"-10,2638";"-182,0236";;
"21,6330";"-11,1248";"187,1002";;
"21,6670";"-11,5811";"15,2168";;
"21,7000";"-12,0060";"-47,8610";;
"21,7330";"-12,2455";"-23,1652";;
"21,7670";"-12,0683";"61,1767";;
"21,8000";"-11,5052";"72,8190";;
"21,8330";"-11,0738";"69,4048";;
"21,8670";"-10,2645";"92,5213";;
"21,9030";"-9,1577";"77,9962";;
"21,9320";"-7,1695";"96,8156";;
"21,9650";"-5,5349";"79,9395";;
"22,0020";"-3,6193";"89,9235";;
"22,0310";"-1,3507";"67,2549";;
"22,0650";"1,1906";"57,7338";;
"22,0980";"3,6804";"47,4240";;
"22,1320";"6,0683";"40,7030";;
"22,1650";"8,2994";"21,8715";;
"22,2320";"10,3718";"23,2810";;
"22,2650";"11,9533";"-63,6785";;
"22,2980";"13,1390";"-34,8785";;
"22,3320";"13,8989";"-47,6368";;
"22,3650";"14,1335";"-58,3476";;
"22,4030";"13,9949";"-46,8961";;
"22,4310";"13,3061";"-126,3915";;
"22,4650";"12,2156";"-72,1137";;
"22,4980";"10,7049";"-85,4074";;
"22,5300";"8,8403";"-88,0431";;
"22,5650";"6,4666";"-100,8756";;
"22,5980";"4,0783";"-68,0950";;
"22,6320";"1,5787";"-66,6070";;
"22,6770";"-0,9676";"-46,3704";;
"22,7070";"-3,4599";"-46,1674";;
"22,7380";"-5,6828";"29,4127";;
"22,7580";"-7,3527";"99,5690";;
"22,7980";"-8,7941";"-4,1883";;
"22,8320";"-10,4171";"-136,2900";;
"22,8650";"-11,2782";"145,4967";;
"22,8980";"-11,7229";"19,1841";;
"22,9310";"-12,0995";"-47,4555";;
"22,9650";"-12,3390";"-26,2805";;
"22,9980";"-12,1442";"68,3811";;
"23,0320";"-11,5882";"65,4841";;
"23,0650";"-10,9142";"63,3975";;
"23,0990";"-10,1049";"98,3520";;
"23,1320";"-8,9806";"90,4024";;
"23,1650";"-7,1121";"85,0868";;
"23,1980";"-5,4775";"74,6175";;
"23,2310";"-3,5525";"107,1564";;
"23,2650";"-1,2969";"51,2177";;
"23,2980";"1,2444";"59,4833";;
"23,3320";"3,7166";"46,0292";;
"23,3650";"6,1103";"43,6869";;
"23,3980";"8,5339";"72,4800";;
"23,4310";"10,1321";"-148,7982";;
"23,4650";"11,9383";"148,8946";;
"23,4980";"13,2273";"-71,6064";;
"23,5320";"14,1492";"-35,5723";;
"23,5650";"14,5375";"-54,5134";;
"23,5980";"14,5731";"-54,1278";;
"23,6310";"14,2349";"-53,8019";;
"23,6650";"13,3896";"-103,1036";;
"23,6980";"12,1549";"-74,2989";;
"23,7320";"10,3816";"-88,0732";;
"23,7650";"8,8176";"-85,3799";;
"23,7980";"6,3942";"-107,0137";;
"23,8310";"4,0001";"-62,7310";;
"23,8650";"1,5005";"-66,6070";;
"23,8980";"-1,0457";"-68,6204";;
"23,9320";"-3,5329";"-35,1985";;
"23,9650";"-5,7357";"32,3836";;
"24,0040";"-7,4056";"46,7704";;
"24,0310";"-8,8470";"-6,2048";;
"24,0650";"-10,3790";"-114,6901";;
"24,1000";"-11,2224";"116,1999";;
