t,s1,s2,s3,s4,s5,s6,s7,s8,s9,s10,s11,s12
0,-0.082037,-0.056898,-0.132763,0.321122,0.222727,0.086013,-0.159922,-0.148267,0.047662,-0.0002,0.069947,-0.006714
1,-0.082266,-0.056479,-0.132285,0.321069,0.22298,0.085828,-0.159554,-0.148541,0.047227,-0.000526,0.069972,-0.006662
2,-0.081892,-0.056636,-0.132382,0.320747,0.222778,0.085784,-0.159814,-0.148409,0.047445,-0.000139,0.069998,-0.006511
3,-0.083327,-0.056601,-0.131699,0.32182,0.223281,0.087477,-0.159247,-0.148682,0.047074,-0.002356,0.070162,-0.007084
4,-0.084156,-0.056657,-0.131402,0.322237,0.22342,0.088031,-0.158706,-0.148568,0.046887,-0.003157,0.07032,-0.007564
5,-0.083123,-0.056609,-0.132034,0.322295,0.22318,0.087726,-0.15991,-0.14814,0.047628,-0.002438,0.070005,-0.007274
6,-0.083586,-0.056691,-0.131968,0.32248,0.223584,0.088114,-0.15986,-0.148061,0.047543,-0.002877,0.070056,-0.007751
7,-0.084121,-0.056581,-0.131904,0.322442,0.224298,0.088115,-0.160276,-0.147681,0.047494,-0.002277,0.070268,-0.008223
8,-0.084074,-0.056498,-0.131801,0.322447,0.224327,0.087847,-0.160811,-0.147596,0.047702,-0.001927,0.070273,-0.00804
9,-0.085957,-0.056182,-0.130305,0.322622,0.223405,0.088697,-0.158557,-0.147343,0.046576,-0.004378,0.070559,-0.007825
10,-0.086341,-0.05633,-0.1305,0.322877,0.223258,0.088738,-0.158338,-0.147612,0.046645,-0.004946,0.070324,-0.007737
11,-0.08707,-0.056251,-0.130659,0.322806,0.222821,0.089295,-0.157394,-0.147697,0.046609,-0.005708,0.070565,-0.008097
12,-0.087974,-0.056523,-0.130658,0.323014,0.222787,0.089914,-0.15706,-0.148306,0.046758,-0.0067,0.070625,-0.008491
13,-0.088373,-0.05683,-0.130359,0.323967,0.223485,0.090174,-0.157022,-0.148932,0.046764,-0.007492,0.07051,-0.008754
14,-0.088188,-0.056971,-0.130293,0.323884,0.223556,0.090341,-0.156418,-0.149192,0.046395,-0.007675,0.070814,-0.009012
15,-0.088067,-0.057099,-0.130067,0.323233,0.223307,0.090272,-0.156085,-0.148796,0.046597,-0.007363,0.071226,-0.009038
16,-0.090088,-0.056978,-0.128959,0.32461,0.224303,0.091241,-0.154491,-0.149133,0.045471,-0.010496,0.072025,-0.009364
17,-0.089451,-0.056567,-0.129168,0.323941,0.223669,0.090682,-0.154695,-0.148818,0.045507,-0.009428,0.071525,-0.009519
18,-0.090082,-0.056756,-0.1288,0.324702,0.224073,0.091284,-0.154275,-0.149116,0.045121,-0.010257,0.071599,-0.009959
19,-0.088725,-0.056554,-0.129044,0.32409,0.224104,0.090694,-0.155027,-0.148853,0.04512,-0.009015,0.071601,-0.009638
20,-0.086106,-0.056563,-0.129766,0.322491,0.223268,0.089265,-0.156763,-0.148109,0.046062,-0.006194,0.070723,-0.008587
21,-0.085869,-0.057135,-0.130241,0.322515,0.223131,0.089409,-0.157152,-0.148061,0.046452,-0.005899,0.070691,-0.008611
22,-0.086662,-0.056859,-0.129841,0.323248,0.224074,0.090039,-0.156534,-0.148443,0.045818,-0.007392,0.071034,-0.009188
23,-0.086434,-0.056693,-0.130028,0.322234,0.223152,0.090004,-0.156482,-0.148433,0.046123,-0.007216,0.070985,-0.008767
24,-0.086399,-0.056785,-0.130163,0.322418,0.223687,0.090456,-0.156692,-0.14888,0.045974,-0.007304,0.070958,-0.009323
25,-0.087313,-0.056593,-0.12971,0.322735,0.224192,0.090836,-0.156133,-0.148643,0.045746,-0.007763,0.071321,-0.009628
26,-0.087845,-0.056444,-0.12921,0.322238,0.224232,0.090591,-0.156402,-0.14815,0.046049,-0.007255,0.07112,-0.009015
27,-0.089993,-0.056699,-0.128275,0.323201,0.224224,0.091805,-0.154584,-0.147886,0.04487,-0.009461,0.070896,-0.009738
28,-0.089756,-0.05704,-0.128305,0.32361,0.224548,0.092047,-0.154078,-0.148018,0.04454,-0.009827,0.071006,-0.00947
29,-0.089883,-0.057014,-0.128798,0.325088,0.22478,0.092331,-0.153868,-0.148535,0.044506,-0.00982,0.071248,-0.01012
30,-0.089013,-0.057195,-0.129532,0.324315,0.224338,0.091535,-0.154606,-0.148128,0.045211,-0.008207,0.070832,-0.009553
31,-0.089761,-0.057194,-0.129406,0.325163,0.224663,0.091758,-0.153983,-0.148174,0.044968,-0.008863,0.070997,-0.009853
32,-0.089326,-0.056838,-0.129396,0.324672,0.224005,0.091305,-0.153874,-0.14811,0.044895,-0.008508,0.070741,-0.009608
33,-0.088612,-0.056718,-0.129737,0.32446,0.223906,0.091012,-0.154374,-0.148139,0.045283,-0.007961,0.070659,-0.009483
34,-0.089178,-0.056657,-0.130076,0.325182,0.224333,0.091092,-0.154517,-0.148647,0.045355,-0.008423,0.07075,-0.010036
35,-0.088914,-0.056428,-0.129749,0.324426,0.223869,0.090958,-0.154202,-0.148459,0.045181,-0.008154,0.071019,-0.009927
36,-0.088817,-0.056397,-0.12968,0.32428,0.22378,0.090846,-0.154007,-0.148666,0.045014,-0.00812,0.071258,-0.01006
37,-0.08912,-0.056361,-0.12965,0.324881,0.223949,0.091043,-0.153943,-0.149008,0.044924,-0.008409,0.071489,-0.010364
38,-0.088764,-0.056416,-0.129477,0.324552,0.223667,0.091124,-0.153791,-0.148907,0.044927,-0.008389,0.071664,-0.010257
39,-0.088198,-0.05639,-0.129691,0.324035,0.22321,0.09101,-0.154349,-0.148581,0.045247,-0.007915,0.071571,-0.009909
40,-0.088048,-0.056681,-0.130025,0.32469,0.223749,0.091004,-0.15492,-0.148765,0.045426,-0.00765,0.071219,-0.009906
41,-0.087645,-0.05677,-0.130382,0.324473,0.223549,0.090722,-0.155547,-0.148617,0.045804,-0.007304,0.070866,-0.009565
42,-0.087683,-0.056789,-0.13018,0.324072,0.223335,0.090626,-0.155525,-0.148391,0.045876,-0.007306,0.070594,-0.009305
43,-0.087548,-0.056819,-0.130478,0.324638,0.223832,0.090578,-0.155809,-0.148652,0.045782,-0.00718,0.070527,-0.009621
44,-0.087608,-0.056836,-0.130346,0.323916,0.223545,0.090543,-0.155669,-0.148286,0.045829,-0.007191,0.070441,-0.009478
45,-0.087273,-0.056822,-0.130496,0.323907,0.223611,0.090314,-0.155991,-0.148395,0.046101,-0.006991,0.070233,-0.009442
46,-0.08757,-0.05678,-0.130346,0.323955,0.223587,0.090441,-0.155834,-0.148329,0.045932,-0.007106,0.070445,-0.009455
47,-0.087823,-0.056787,-0.130215,0.324031,0.22357,0.09053,-0.155631,-0.148302,0.045852,-0.00737,0.070507,-0.009468
48,-0.088996,-0.056816,-0.129753,0.325354,0.224339,0.091386,-0.154657,-0.148655,0.04507,-0.008715,0.070986,-0.010242
49,-0.089358,-0.056748,-0.129244,0.325198,0.223943,0.092032,-0.153866,-0.148313,0.044568,-0.009199,0.07118,-0.010378
50,-0.089477,-0.056866,-0.129536,0.325179,0.224158,0.09187,-0.154233,-0.148285,0.044972,-0.008995,0.07114,-0.010231
51,-0.089219,-0.056684,-0.129347,0.325058,0.224278,0.091774,-0.154084,-0.148267,0.044865,-0.008903,0.071543,-0.010023
52,-0.089328,-0.056592,-0.129299,0.325004,0.224415,0.091661,-0.154017,-0.148371,0.044946,-0.008846,0.071531,-0.009956
53,-0.088436,-0.056482,-0.129589,0.324131,0.223743,0.091313,-0.154678,-0.148112,0.045482,-0.007962,0.07115,-0.009436
54,-0.08952,-0.056616,-0.12948,0.325044,0.224509,0.091712,-0.154246,-0.148465,0.045138,-0.008989,0.071266,-0.009937
55,-0.08966,-0.056685,-0.129455,0.325041,0.224838,0.091534,-0.154141,-0.148519,0.044956,-0.009191,0.071187,-0.010042
56,-0.089322,-0.056715,-0.129621,0.324556,0.224701,0.091274,-0.154556,-0.147823,0.044984,-0.009027,0.070834,-0.009468
57,-0.089774,-0.057077,-0.129503,0.324962,0.225024,0.091743,-0.15426,-0.14786,0.044954,-0.009528,0.070935,-0.009597
58,-0.090887,-0.057468,-0.128568,0.324674,0.224958,0.092376,-0.153774,-0.147625,0.04474,-0.010311,0.071158,-0.009587
59,-0.090777,-0.057574,-0.129026,0.325078,0.225718,0.092349,-0.154331,-0.148005,0.044953,-0.009676,0.071229,-0.009848
60,-0.090756,-0.057428,-0.128796,0.324688,0.225456,0.092493,-0.15407,-0.147934,0.044807,-0.009722,0.071445,-0.00981
61,-0.090036,-0.0571,-0.128492,0.323664,0.224668,0.09208,-0.154,-0.147833,0.044639,-0.009592,0.071373,-0.009572
62,-0.091043,-0.056985,-0.127469,0.324121,0.225447,0.092768,-0.153311,-0.148434,0.044196,-0.010907,0.07169,-0.010097
63,-0.090675,-0.056721,-0.127783,0.323503,0.225053,0.092341,-0.153978,-0.14794,0.044781,-0.009437,0.071461,-0.009843
64,-0.089399,-0.056551,-0.128737,0.322959,0.224604,0.091576,-0.155157,-0.14816,0.045607,-0.008557,0.07111,-0.009379
65,-0.088233,-0.056712,-0.128945,0.322341,0.223996,0.091328,-0.154744,-0.148263,0.04568,-0.008852,0.071426,-0.009318
66,-0.088365,-0.056939,-0.129668,0.323286,0.224077,0.091001,-0.155141,-0.14884,0.045576,-0.009522,0.071565,-0.009653
67,-0.088727,-0.056624,-0.129403,0.323363,0.22344,0.09072,-0.154444,-0.148547,0.045162,-0.009619,0.071682,-0.009737
68,-0.090568,-0.056655,-0.12898,0.324999,0.224267,0.091327,-0.154147,-0.149277,0.045008,-0.01076,0.071641,-0.010013
69,-0.090815,-0.05703,-0.128791,0.325034,0.224195,0.091543,-0.153512,-0.14944,0.045005,-0.011054,0.071972,-0.010103
70,-0.09136,-0.05743,-0.128882,0.32541,0.224342,0.092,-0.152942,-0.149745,0.045115,-0.011876,0.072181,-0.010278
71,-0.091105,-0.057219,-0.129137,0.325,0.223918,0.092004,-0.153273,-0.149134,0.04523,-0.012139,0.072134,-0.009989
72,-0.089698,-0.057016,-0.129934,0.323433,0.222952,0.09097,-0.155169,-0.148385,0.045939,-0.009969,0.071493,-0.009095
73,-0.087652,-0.056688,-0.130246,0.32289,0.223117,0.089675,-0.157188,-0.147822,0.046221,-0.007125,0.071062,-0.008352
74,-0.086736,-0.056549,-0.130311,0.322588,0.223023,0.089343,-0.157988,-0.1476,0.046485,-0.005891,0.070765,-0.008165
75,-0.085388,-0.056518,-0.131383,0.322902,0.22424,0.088666,-0.15999,-0.147522,0.047118,-0.003204,0.070668,-0.008163
76,-0.083576,-0.056586,-0.132345,0.32163,0.224035,0.087545,-0.161513,-0.147113,0.047944,-0.000825,0.06996,-0.007358
77,-0.0839,-0.056256,-0.131739,0.323029,0.224467,0.088276,-0.160072,-0.147293,0.046977,-0.002564,0.070702,-0.008128
78,-0.082723,-0.056466,-0.132551,0.322492,0.22374,0.087418,-0.161015,-0.147579,0.047823,-0.000811,0.070488,-0.007283
79,-0.083626,-0.056596,-0.131191,0.322616,0.223841,0.088135,-0.158357,-0.148117,0.046824,-0.002896,0.071135,-0.007688
80,-0.083043,-0.056535,-0.131231,0.32216,0.223642,0.08786,-0.158374,-0.147894,0.046928,-0.002483,0.07105,-0.007323
81,-0.082657,-0.05666,-0.13145,0.322217,0.223661,0.087207,-0.158377,-0.14816,0.046852,-0.001893,0.071029,-0.007456
82,-0.08232,-0.056721,-0.131537,0.321358,0.223122,0.086709,-0.158681,-0.147907,0.047105,-0.001364,0.070867,-0.007306
83,-0.082561,-0.056797,-0.131675,0.321905,0.223416,0.086983,-0.158965,-0.148202,0.047199,-0.001599,0.070707,-0.00766
84,-0.083372,-0.056946,-0.131534,0.322469,0.223769,0.087461,-0.158499,-0.148298,0.046965,-0.002453,0.070862,-0.008094
85,-0.083477,-0.057056,-0.131775,0.322564,0.223669,0.087494,-0.158728,-0.148341,0.047349,-0.0023,0.070684,-0.008174
86,-0.082861,-0.057093,-0.131991,0.321752,0.223181,0.087063,-0.159319,-0.148023,0.047759,-0.001493,0.070417,-0.007655
87,-0.082657,-0.057025,-0.132028,0.321658,0.223124,0.086943,-0.159278,-0.148002,0.047733,-0.001383,0.07045,-0.007545
88,-0.082277,-0.05705,-0.132198,0.321221,0.223019,0.086533,-0.159704,-0.148067,0.047994,-0.000946,0.070243,-0.007304
89,-0.081982,-0.056931,-0.132098,0.321015,0.22294,0.086391,-0.159738,-0.147963,0.047776,-0.000633,0.070302,-0.007016
90,-0.081895,-0.05689,-0.131891,0.321327,0.223414,0.086412,-0.159232,-0.148027,0.047441,-0.000895,0.070586,-0.007095
91,-0.081474,-0.056708,-0.131974,0.320543,0.222676,0.086238,-0.159452,-0.147654,0.047668,-0.000385,0.070396,-0.006549
92,-0.081931,-0.056693,-0.131584,0.321433,0.223227,0.086693,-0.159023,-0.147844,0.047398,-0.001101,0.070569,-0.006838
93,-0.082644,-0.056531,-0.131348,0.321473,0.222978,0.087353,-0.158644,-0.147631,0.047145,-0.001736,0.070916,-0.006629
94,-0.083432,-0.056704,-0.131341,0.322083,0.223402,0.087757,-0.158692,-0.147864,0.04719,-0.002396,0.070756,-0.007199
95,-0.083409,-0.05674,-0.131613,0.322496,0.223607,0.087951,-0.159236,-0.147874,0.047313,-0.002149,0.070559,-0.00728
96,-0.083899,-0.056752,-0.131572,0.322045,0.223039,0.088095,-0.159519,-0.147541,0.047373,-0.002249,0.070448,-0.00726
97,-0.082506,-0.056701,-0.132889,0.322071,0.223322,0.087218,-0.161239,-0.147694,0.048368,-0.001027,0.069708,-0.006929
98,-0.083736,-0.05676,-0.132355,0.322017,0.223847,0.087701,-0.161031,-0.147391,0.047907,-0.001642,0.070142,-0.007652
99,-0.084124,-0.056498,-0.132266,0.322764,0.224444,0.087801,-0.161006,-0.147592,0.047754,-0.001767,0.070328,-0.007917
100,-0.084753,-0.05647,-0.131334,0.322543,0.224279,0.088157,-0.160157,-0.147413,0.047215,-0.002642,0.070581,-0.008052
101,-0.085887,-0.056294,-0.130359,0.322507,0.223652,0.088874,-0.158738,-0.147443,0.046383,-0.004471,0.070632,-0.008203
102,-0.087502,-0.056431,-0.129756,0.322662,0.223368,0.089275,-0.157165,-0.147778,0.045959,-0.006508,0.070733,-0.008294
103,-0.089345,-0.056743,-0.129663,0.323989,0.22373,0.090933,-0.15562,-0.148783,0.045763,-0.008929,0.070936,-0.009252
104,-0.089187,-0.057044,-0.129375,0.324565,0.224266,0.091047,-0.155399,-0.149137,0.045762,-0.009228,0.071073,-0.009431
105,-0.088555,-0.057134,-0.129504,0.323963,0.223842,0.090789,-0.155475,-0.149222,0.046125,-0.008543,0.071176,-0.009047
106,-0.088887,-0.05673,-0.129507,0.324533,0.224227,0.090498,-0.155742,-0.149456,0.045976,-0.008432,0.071191,-0.009338
107,-0.088614,-0.056596,-0.129273,0.323527,0.223743,0.090575,-0.155437,-0.14872,0.045503,-0.008653,0.071159,-0.009182
108,-0.088177,-0.056891,-0.12943,0.323461,0.224033,0.090751,-0.155337,-0.148516,0.045421,-0.008833,0.071235,-0.009376
109,-0.088257,-0.057104,-0.129546,0.323219,0.224207,0.090986,-0.15529,-0.148108,0.045446,-0.0084,0.07129,-0.009359
110,-0.088073,-0.057187,-0.129574,0.322853,0.224463,0.091218,-0.15595,-0.147875,0.045774,-0.007581,0.071264,-0.009276
111,-0.088452,-0.056808,-0.129213,0.322423,0.224712,0.09157,-0.155844,-0.147374,0.045969,-0.007523,0.071025,-0.008787
112,-0.090538,-0.056575,-0.128023,0.323617,0.224886,0.091807,-0.154382,-0.147957,0.044776,-0.009347,0.071129,-0.009708
113,-0.090734,-0.056636,-0.127803,0.324045,0.224955,0.092202,-0.153713,-0.148324,0.044223,-0.010051,0.071397,-0.009966
114,-0.090136,-0.056856,-0.128047,0.323636,0.224321,0.092286,-0.15385,-0.148124,0.044541,-0.009679,0.071285,-0.009478
115,-0.089951,-0.056835,-0.128803,0.324625,0.224641,0.092304,-0.154205,-0.148625,0.044703,-0.010081,0.071074,-0.009956
116,-0.089358,-0.057046,-0.129079,0.324203,0.2243,0.09213,-0.154337,-0.14805,0.044843,-0.009473,0.071221,-0.009703
117,-0.089262,-0.057174,-0.129578,0.324141,0.224476,0.091861,-0.154944,-0.147709,0.045327,-0.00905,0.071271,-0.009394
118,-0.089859,-0.056718,-0.129197,0.324164,0.224735,0.091662,-0.154761,-0.147359,0.045276,-0.009619,0.071297,-0.008972
119,-0.090228,-0.056512,-0.129064,0.323913,0.224649,0.091405,-0.154635,-0.147504,0.045273,-0.010002,0.071017,-0.008953
120,-0.089507,-0.056759,-0.129774,0.323694,0.224877,0.090388,-0.155335,-0.147329,0.045364,-0.009546,0.070637,-0.008301
121,-0.089453,-0.056899,-0.129755,0.324479,0.22546,0.090638,-0.155301,-0.147524,0.04509,-0.009539,0.070737,-0.008892
122,-0.089145,-0.056989,-0.129659,0.323712,0.224985,0.090647,-0.155222,-0.147453,0.045126,-0.008719,0.071124,-0.008739
123,-0.089487,-0.056943,-0.129715,0.324555,0.22533,0.091074,-0.154878,-0.148234,0.045124,-0.009033,0.071326,-0.009451
124,-0.088586,-0.056924,-0.130042,0.324046,0.223966,0.091167,-0.154824,-0.148186,0.045235,-0.008216,0.071742,-0.008926
125,-0.088907,-0.056815,-0.130035,0.324396,0.224294,0.091176,-0.154953,-0.148465,0.045235,-0.008417,0.071742,-0.008951
126,-0.088462,-0.056731,-0.129664,0.324033,0.223717,0.091267,-0.154768,-0.148279,0.045214,-0.008184,0.071716,-0.009052
127,-0.088616,-0.056733,-0.129558,0.324441,0.223836,0.091485,-0.154427,-0.148361,0.045042,-0.008461,0.071794,-0.009394
128,-0.089539,-0.056644,-0.129636,0.32515,0.224615,0.091489,-0.154742,-0.148681,0.045057,-0.008888,0.071597,-0.009746
129,-0.08945,-0.05651,-0.129731,0.324422,0.22424,0.091352,-0.154652,-0.148147,0.045015,-0.009045,0.071515,-0.009594
130,-0.089229,-0.056798,-0.130168,0.324531,0.224526,0.091074,-0.155191,-0.148424,0.045519,-0.008803,0.071019,-0.009987
131,-0.089047,-0.056811,-0.130001,0.324222,0.224389,0.091363,-0.154571,-0.147996,0.045195,-0.008743,0.071043,-0.010222
132,-0.089497,-0.056771,-0.129749,0.32499,0.224925,0.09184,-0.15425,-0.147984,0.044857,-0.009708,0.070972,-0.01023
133,-0.08951,-0.056984,-0.129671,0.324873,0.224468,0.091406,-0.154607,-0.14802,0.045282,-0.009653,0.070425,-0.009195
134,-0.089756,-0.057075,-0.129405,0.325124,0.224717,0.091525,-0.154662,-0.147981,0.045251,-0.009704,0.070863,-0.009123
135,-0.089348,-0.056978,-0.129167,0.324765,0.22484,0.091467,-0.154834,-0.14807,0.04515,-0.009411,0.071243,-0.009173
136,-0.088352,-0.056985,-0.129908,0.324235,0.224584,0.091018,-0.156024,-0.148341,0.045869,-0.008378,0.071075,-0.008881
137,-0.088121,-0.056914,-0.129174,0.323729,0.224582,0.091371,-0.155677,-0.148052,0.045449,-0.008344,0.07127,-0.00883
138,-0.088607,-0.056785,-0.128648,0.323697,0.224974,0.091727,-0.155488,-0.148306,0.045238,-0.008822,0.071353,-0.00909
139,-0.089445,-0.056677,-0.128246,0.324169,0.225699,0.092305,-0.15473,-0.148392,0.044699,-0.009457,0.071634,-0.009648
140,-0.089798,-0.056732,-0.127804,0.323828,0.225486,0.092544,-0.154375,-0.147989,0.044488,-0.009015,0.071955,-0.009801
141,-0.088719,-0.056643,-0.128417,0.322992,0.225066,0.091698,-0.155609,-0.14784,0.045364,-0.007129,0.071438,-0.009035
142,-0.086785,-0.056661,-0.129466,0.322327,0.22455,0.090671,-0.15672,-0.148136,0.046493,-0.006441,0.071117,-0.008741
143,-0.085974,-0.056875,-0.130213,0.322488,0.223582,0.089829,-0.156644,-0.148349,0.046299,-0.006828,0.070869,-0.008692
144,-0.088222,-0.05659,-0.129205,0.323311,0.223461,0.090488,-0.155067,-0.148366,0.045275,-0.008801,0.071453,-0.009251
145,-0.089809,-0.056436,-0.128917,0.325027,0.22443,0.091164,-0.154668,-0.149342,0.045153,-0.009637,0.071716,-0.009646
146,-0.091433,-0.057383,-0.128782,0.325832,0.224553,0.092385,-0.152894,-0.149894,0.045175,-0.012436,0.072287,-0.010269
147,-0.091203,-0.057313,-0.129101,0.325729,0.224375,0.092193,-0.153137,-0.149685,0.04526,-0.012576,0.072121,-0.010087
148,-0.090622,-0.057201,-0.129799,0.324403,0.223486,0.091508,-0.15438,-0.148976,0.045982,-0.011198,0.071555,-0.009459
149,-0.088734,-0.056629,-0.130269,0.323389,0.223243,0.089921,-0.15658,-0.147924,0.046006,-0.00796,0.071242,-0.008543
150,-0.087008,-0.056595,-0.13005,0.323662,0.223736,0.089803,-0.156212,-0.148509,0.045854,-0.007945,0.071175,-0.008954
151,-0.086191,-0.056225,-0.130806,0.322307,0.223416,0.088481,-0.159055,-0.147244,0.046701,-0.004178,0.070485,-0.007658
152,-0.084893,-0.056507,-0.131844,0.322584,0.223926,0.08789,-0.160796,-0.147304,0.047573,-0.002141,0.07027,-0.007513
153,-0.082427,-0.056651,-0.133441,0.321081,0.22329,0.086651,-0.162826,-0.146951,0.049011,0.001073,0.069602,-0.006579
154,-0.082979,-0.056653,-0.133209,0.322238,0.224054,0.087221,-0.162071,-0.147269,0.04849,3.7e-05,0.069875,-0.007113
155,-0.0826,-0.056211,-0.133003,0.321196,0.222469,0.08734,-0.161179,-0.146781,0.048576,-0.00047,0.0701,-0.006902
156,-0.082538,-0.056379,-0.133135,0.32145,0.222518,0.087012,-0.161345,-0.147023,0.048701,-0.000559,0.069974,-0.006919
157,-0.082866,-0.056383,-0.132196,0.321864,0.22279,0.08781,-0.159845,-0.147418,0.047804,-0.001663,0.070482,-0.006866
158,-0.083767,-0.056687,-0.131159,0.323628,0.224169,0.088928,-0.158654,-0.148587,0.046736,-0.003793,0.070563,-0.007387
159,-0.084369,-0.056526,-0.130279,0.323528,0.224057,0.089438,-0.15716,-0.148438,0.045875,-0.004896,0.070925,-0.007542
160,-0.083865,-0.056808,-0.130728,0.32273,0.22366,0.088734,-0.157871,-0.148302,0.046622,-0.004159,0.070546,-0.007162
161,-0.08436,-0.056771,-0.130876,0.323283,0.224024,0.088585,-0.157882,-0.148463,0.046684,-0.004413,0.070681,-0.007313
162,-0.084552,-0.056681,-0.130605,0.323106,0.223765,0.088674,-0.157401,-0.148336,0.046463,-0.004502,0.070947,-0.007341
163,-0.084093,-0.056494,-0.130406,0.322749,0.223386,0.088718,-0.156898,-0.147979,0.046207,-0.004323,0.071274,-0.007269
164,-0.084232,-0.056465,-0.130445,0.322734,0.223554,0.088296,-0.157863,-0.148215,0.046416,-0.004045,0.070885,-0.007334
165,-0.083676,-0.056328,-0.130629,0.322194,0.223167,0.087862,-0.158607,-0.147882,0.046674,-0.003136,0.070661,-0.0071
166,-0.083785,-0.05636,-0.130908,0.322415,0.223613,0.087506,-0.159315,-0.148126,0.046979,-0.002706,0.070587,-0.007338
167,-0.084382,-0.056334,-0.130698,0.32283,0.223884,0.088036,-0.158915,-0.148319,0.046658,-0.003259,0.070823,-0.007783
168,-0.084683,-0.05652,-0.130742,0.322687,0.223775,0.088207,-0.158771,-0.148409,0.046759,-0.003396,0.070756,-0.007553
169,-0.084339,-0.05635,-0.131097,0.322784,0.223845,0.088134,-0.159135,-0.148461,0.046979,-0.003108,0.07062,-0.007289
170,-0.083215,-0.056346,-0.131464,0.322086,0.223159,0.087771,-0.159872,-0.148109,0.04751,-0.002216,0.070254,-0.006837
171,-0.083121,-0.056291,-0.131603,0.32285,0.22352,0.088079,-0.15939,-0.148269,0.047169,-0.003111,0.070251,-0.007362
172,-0.08409,-0.056394,-0.131396,0.322594,0.223399,0.088655,-0.158756,-0.147983,0.047073,-0.004347,0.07001,-0.007551
173,-0.084103,-0.05653,-0.131497,0.322492,0.223579,0.088712,-0.159005,-0.147791,0.047222,-0.003851,0.070069,-0.007489
174,-0.084964,-0.056574,-0.131268,0.322933,0.224268,0.088715,-0.159329,-0.14759,0.047165,-0.003918,0.070386,-0.008008
175,-0.085139,-0.056479,-0.131244,0.322983,0.224267,0.088555,-0.159531,-0.147495,0.047178,-0.003754,0.070357,-0.007947
176,-0.085589,-0.05641,-0.130703,0.322711,0.22384,0.088522,-0.159326,-0.147303,0.046938,-0.003896,0.070273,-0.007834
177,-0.086413,-0.056052,-0.129578,0.322292,0.223188,0.089035,-0.15775,-0.14701,0.045917,-0.005091,0.070686,-0.007828
178,-0.086259,-0.056174,-0.13025,0.322166,0.223077,0.088641,-0.158504,-0.147123,0.046444,-0.004519,0.070317,-0.007518
179,-0.086901,-0.056326,-0.130482,0.322984,0.223341,0.089137,-0.158189,-0.147584,0.046293,-0.005388,0.070487,-0.007867
180,-0.087736,-0.056655,-0.129799,0.32346,0.223571,0.090282,-0.156999,-0.14826,0.046043,-0.0071,0.070832,-0.008645
181,-0.088658,-0.056877,-0.129483,0.324104,0.224029,0.090875,-0.155623,-0.148967,0.045815,-0.008138,0.071383,-0.009247
182,-0.088665,-0.056667,-0.129349,0.324029,0.223969,0.090727,-0.155622,-0.148884,0.045612,-0.00816,0.071432,-0.009238
183,-0.088936,-0.05638,-0.129172,0.324408,0.224244,0.090698,-0.155584,-0.148904,0.045441,-0.00861,0.071468,-0.009314
184,-0.088948,-0.056546,-0.129251,0.323966,0.224,0.090678,-0.155462,-0.148877,0.04543,-0.008676,0.071278,-0.009291
185,-0.087022,-0.056724,-0.129907,0.323103,0.223682,0.089958,-0.156423,-0.148355,0.045749,-0.007377,0.070811,-0.008806
186,-0.087423,-0.057049,-0.129703,0.322309,0.223515,0.090636,-0.156028,-0.148269,0.045895,-0.007764,0.071032,-0.008933
187,-0.087839,-0.056807,-0.129693,0.322531,0.224013,0.090836,-0.156204,-0.148547,0.046445,-0.008136,0.070942,-0.009021
188,-0.08879,-0.056529,-0.128855,0.322402,0.22408,0.091609,-0.154855,-0.147886,0.045558,-0.008585,0.071402,-0.00939
189,-0.089433,-0.056642,-0.128706,0.323229,0.225071,0.091749,-0.155567,-0.14802,0.045466,-0.008138,0.071193,-0.00914
190,-0.089354,-0.057047,-0.128098,0.323461,0.224929,0.091753,-0.154751,-0.147695,0.044801,-0.008013,0.071295,-0.00939
191,-0.090537,-0.055907,-0.127594,0.324061,0.224509,0.092783,-0.152483,-0.148803,0.043085,-0.011516,0.071891,-0.010268
192,-0.090164,-0.056177,-0.128112,0.323965,0.224954,0.091969,-0.154173,-0.148547,0.043828,-0.010241,0.071396,-0.009706
193,-0.090636,-0.056739,-0.127739,0.323792,0.224973,0.092521,-0.153577,-0.148065,0.043787,-0.010645,0.071986,-0.010034
194,-0.090518,-0.056809,-0.127853,0.324447,0.2252,0.092456,-0.153993,-0.14843,0.044043,-0.010821,0.07188,-0.010034
195,-0.090108,-0.057003,-0.128126,0.323085,0.224142,0.092284,-0.154063,-0.147786,0.044503,-0.010292,0.071287,-0.009474
196,-0.090506,-0.057146,-0.128171,0.323415,0.224634,0.092261,-0.154316,-0.147682,0.044695,-0.01086,0.070994,-0.009533
197,-0.090473,-0.056718,-0.128092,0.324649,0.224593,0.092752,-0.153292,-0.148417,0.043991,-0.010841,0.071451,-0.010044
198,-0.090975,-0.056999,-0.128272,0.325167,0.225337,0.092488,-0.153877,-0.148503,0.044355,-0.010856,0.07132,-0.010066
199,-0.090276,-0.057058,-0.128395,0.324616,0.224951,0.092133,-0.153985,-0.148298,0.044429,-0.010271,0.071348,-0.009628
200,-0.090557,-0.057206,-0.128263,0.324749,0.225125,0.092555,-0.153626,-0.148077,0.044227,-0.010512,0.071562,-0.009724
201,-0.09053,-0.05715,-0.128845,0.325047,0.225556,0.092458,-0.154317,-0.148094,0.044717,-0.010156,0.071321,-0.0096
202,-0.088557,-0.057092,-0.12934,0.32381,0.224524,0.091498,-0.155153,-0.147771,0.045394,-0.008482,0.071053,-0.008998
203,-0.09005,-0.057326,-0.129088,0.324855,0.225545,0.092242,-0.154477,-0.148107,0.045009,-0.009395,0.071369,-0.00975
204,-0.088651,-0.057237,-0.129775,0.323144,0.22443,0.091298,-0.155782,-0.147556,0.045779,-0.007775,0.070651,-0.008757
205,-0.089541,-0.057118,-0.129143,0.324011,0.224588,0.091872,-0.154803,-0.148162,0.045259,-0.009362,0.071035,-0.009417
206,-0.089009,-0.056965,-0.12909,0.323179,0.224223,0.091572,-0.154965,-0.147813,0.045456,-0.009051,0.071041,-0.008877
207,-0.089027,-0.056841,-0.128982,0.324412,0.225228,0.091887,-0.155396,-0.148415,0.045127,-0.009405,0.071391,-0.009301
208,-0.088634,-0.056963,-0.128756,0.324025,0.225053,0.09141,-0.155415,-0.1482,0.045116,-0.008595,0.071281,-0.009064
209,-0.089139,-0.056651,-0.128381,0.323803,0.224769,0.091377,-0.154581,-0.14806,0.044612,-0.009176,0.071134,-0.00905
210,-0.090271,-0.056591,-0.128009,0.323715,0.2245,0.091566,-0.153163,-0.147872,0.044043,-0.010209,0.07125,-0.009641
211,-0.089528,-0.055854,-0.128595,0.323695,0.224045,0.091083,-0.15416,-0.148346,0.044681,-0.009768,0.070707,-0.009317
212,-0.088388,-0.055987,-0.128935,0.323215,0.224025,0.090828,-0.154732,-0.148418,0.045034,-0.009143,0.070906,-0.009246
213,-0.0867,-0.056219,-0.129732,0.321993,0.223349,0.090391,-0.156164,-0.148606,0.046051,-0.007416,0.070832,-0.008813
214,-0.086629,-0.05665,-0.13021,0.323373,0.224173,0.090729,-0.156401,-0.148813,0.045725,-0.007975,0.071176,-0.009576
215,-0.086468,-0.056559,-0.130069,0.322617,0.223523,0.090267,-0.156175,-0.148311,0.045891,-0.007485,0.071294,-0.009046
216,-0.086499,-0.056551,-0.130143,0.322708,0.223579,0.089643,-0.156896,-0.148433,0.046469,-0.007149,0.071069,-0.008738
217,-0.087837,-0.056313,-0.129394,0.323363,0.223561,0.090237,-0.155782,-0.148813,0.045657,-0.008785,0.071557,-0.009097
218,-0.089262,-0.056658,-0.128955,0.323812,0.223974,0.091117,-0.154532,-0.148565,0.045093,-0.009582,0.07172,-0.009618
219,-0.089656,-0.056605,-0.129114,0.324279,0.224474,0.091269,-0.154803,-0.148649,0.045022,-0.009359,0.071676,-0.009861
220,-0.09014,-0.056691,-0.128818,0.324243,0.224208,0.091318,-0.154472,-0.148846,0.044952,-0.009887,0.071589,-0.009818
221,-0.09042,-0.056844,-0.128988,0.325277,0.22471,0.091492,-0.154364,-0.149693,0.045188,-0.010111,0.071767,-0.009992
222,-0.089772,-0.057061,-0.129257,0.324932,0.224587,0.091212,-0.154722,-0.149582,0.045625,-0.009571,0.071575,-0.00969
223,-0.089475,-0.057245,-0.129222,0.324698,0.224215,0.09135,-0.154668,-0.149478,0.04569,-0.009444,0.071527,-0.009506
224,-0.089727,-0.057235,-0.129281,0.324919,0.224369,0.091503,-0.154796,-0.149488,0.045705,-0.009982,0.071368,-0.00967
225,-0.088783,-0.056629,-0.129668,0.323779,0.22364,0.091146,-0.155553,-0.148327,0.045633,-0.008444,0.07134,-0.009088
226,-0.0877,-0.056489,-0.13043,0.323399,0.223467,0.090049,-0.157216,-0.148059,0.046208,-0.006869,0.071039,-0.008563
227,-0.085955,-0.056348,-0.130901,0.32181,0.222649,0.088528,-0.158775,-0.147055,0.046703,-0.004096,0.070363,-0.007222
228,-0.08706,-0.05615,-0.130093,0.32257,0.223066,0.089109,-0.157772,-0.147316,0.04616,-0.005663,0.070688,-0.007736
229,-0.087018,-0.056307,-0.130424,0.32304,0.223234,0.08903,-0.157946,-0.147616,0.046447,-0.005613,0.070491,-0.007779
230,-0.08713,-0.056037,-0.130113,0.323187,0.223499,0.089324,-0.157642,-0.147478,0.046119,-0.005609,0.070759,-0.008278
231,-0.087014,-0.056193,-0.130147,0.323695,0.224089,0.089626,-0.157974,-0.147735,0.045979,-0.005635,0.070888,-0.008546
232,-0.085919,-0.0563,-0.130454,0.322971,0.223909,0.089116,-0.158823,-0.147515,0.04669,-0.004279,0.070627,-0.008091
233,-0.085786,-0.056352,-0.130659,0.323036,0.224131,0.088927,-0.159085,-0.147335,0.046823,-0.003753,0.070734,-0.008154
234,-0.085399,-0.056579,-0.130954,0.323378,0.224697,0.088675,-0.159607,-0.147357,0.046994,-0.003204,0.0709,-0.008414
235,-0.084899,-0.056407,-0.131142,0.323268,0.22472,0.088719,-0.159626,-0.147493,0.046969,-0.002967,0.070784,-0.008134
236,-0.083955,-0.056453,-0.131967,0.323509,0.225225,0.088536,-0.160199,-0.147875,0.047316,-0.002386,0.070419,-0.007838
237,-0.083024,-0.056526,-0.132025,0.322705,0.224502,0.088636,-0.160246,-0.14764,0.047414,-0.001876,0.070397,-0.007585
238,-0.082883,-0.056693,-0.132238,0.32312,0.224726,0.08856,-0.160632,-0.147934,0.047529,-0.00189,0.070538,-0.007869
239,-0.084038,-0.056361,-0.132004,0.322113,0.223518,0.088525,-0.159874,-0.147063,0.047409,-0.002563,0.071067,-0.008018
240,-0.083778,-0.056376,-0.132727,0.322466,0.223731,0.087918,-0.161136,-0.147143,0.047912,-0.001267,0.070542,-0.007809
241,-0.083432,-0.056544,-0.132696,0.322287,0.223946,0.087561,-0.161066,-0.147193,0.047735,-0.000738,0.070193,-0.007486
242,-0.083654,-0.056646,-0.132898,0.322587,0.223981,0.087396,-0.161558,-0.147196,0.047981,-0.000757,0.070096,-0.00749
243,-0.084094,-0.056699,-0.132298,0.322371,0.223918,0.087819,-0.160739,-0.147111,0.047715,-0.001545,0.070397,-0.00765
244,-0.085056,-0.056581,-0.131764,0.322733,0.224188,0.088346,-0.160262,-0.147364,0.047451,-0.002585,0.070543,-0.008159
245,-0.08535,-0.056443,-0.131357,0.322767,0.224246,0.088561,-0.159987,-0.147383,0.047055,-0.002813,0.070567,-0.008037
246,-0.085366,-0.0564,-0.131053,0.322278,0.223876,0.088471,-0.159847,-0.147135,0.04699,-0.002891,0.07041,-0.007906
247,-0.08747,-0.056249,-0.129655,0.322788,0.223318,0.089619,-0.157233,-0.147648,0.04591,-0.006254,0.070658,-0.008124
248,-0.087672,-0.056391,-0.129832,0.322846,0.223292,0.089511,-0.157117,-0.147808,0.046089,-0.00652,0.070704,-0.008208
249,-0.088336,-0.056595,-0.129948,0.323122,0.223386,0.089676,-0.156819,-0.148023,0.046083,-0.006949,0.070841,-0.008334
250,-0.089099,-0.056796,-0.129933,0.323557,0.223422,0.090746,-0.155828,-0.14866,0.045942,-0.0086,0.070809,-0.00889
251,-0.089266,-0.057044,-0.129995,0.32411,0.223773,0.091057,-0.155827,-0.149025,0.046146,-0.008998,0.07075,-0.009195
252,-0.090125,-0.057048,-0.129062,0.324427,0.223972,0.091721,-0.154605,-0.149125,0.045466,-0.010191,0.07136,-0.009585
253,-0.090132,-0.057129,-0.128813,0.324671,0.224134,0.091833,-0.154207,-0.149358,0.045403,-0.010417,0.071647,-0.009727
254,-0.089792,-0.056824,-0.129258,0.324108,0.223856,0.091092,-0.155183,-0.149368,0.046108,-0.009263,0.07133,-0.00931
255,-0.090306,-0.05639,-0.128437,0.324179,0.223817,0.091632,-0.154115,-0.149084,0.045205,-0.010114,0.071927,-0.009617
256,-0.088528,-0.056251,-0.129664,0.323483,0.223583,0.090306,-0.156081,-0.148957,0.046308,-0.008118,0.071294,-0.008977
257,-0.087978,-0.056309,-0.129877,0.322962,0.223302,0.090034,-0.156423,-0.148731,0.04646,-0.007872,0.07108,-0.008735
258,-0.087406,-0.056409,-0.12966,0.322558,0.223102,0.08997,-0.156248,-0.148446,0.046172,-0.007886,0.071308,-0.008748
259,-0.086524,-0.05656,-0.130352,0.322778,0.223586,0.089792,-0.157049,-0.148621,0.046318,-0.007155,0.071084,-0.008984
260,-0.086162,-0.056599,-0.130196,0.322433,0.223243,0.090014,-0.156683,-0.148302,0.046025,-0.007292,0.071166,-0.008888
261,-0.086202,-0.056698,-0.130411,0.322856,0.22379,0.090626,-0.156917,-0.148833,0.045997,-0.007372,0.071084,-0.009408
262,-0.08835,-0.056222,-0.129143,0.322932,0.224054,0.091235,-0.155382,-0.148563,0.045204,-0.008223,0.070836,-0.009431
263,-0.089541,-0.056111,-0.128201,0.323171,0.223931,0.092079,-0.153907,-0.148483,0.044275,-0.00944,0.071261,-0.00971
264,-0.090426,-0.056072,-0.12776,0.323491,0.224117,0.092565,-0.15316,-0.14861,0.043725,-0.010365,0.071424,-0.010163
265,-0.090705,-0.056019,-0.127828,0.324441,0.224943,0.09279,-0.15274,-0.148943,0.043211,-0.01132,0.071718,-0.010471
266,-0.090597,-0.055805,-0.127732,0.324565,0.224867,0.092758,-0.152564,-0.149049,0.04309,-0.011972,0.071795,-0.010289
267,-0.089819,-0.055857,-0.128068,0.324784,0.224525,0.092436,-0.15306,-0.149001,0.043527,-0.011713,0.071622,-0.010297
268,-0.089319,-0.056159,-0.128821,0.324632,0.224383,0.091819,-0.15394,-0.148908,0.044369,-0.010626,0.071293,-0.010056
269,-0.088717,-0.056603,-0.12891,0.323902,0.223937,0.091568,-0.154075,-0.148267,0.044585,-0.009815,0.071242,-0.009539
270,-0.088883,-0.057008,-0.129241,0.324527,0.224536,0.091357,-0.154587,-0.148162,0.045061,-0.009493,0.071209,-0.009466
271,-0.088679,-0.057252,-0.129487,0.323881,0.224111,0.090727,-0.155085,-0.147632,0.045509,-0.008544,0.071112,-0.008714
272,-0.089275,-0.057095,-0.129492,0.324756,0.22483,0.091178,-0.155088,-0.148182,0.045522,-0.009189,0.071094,-0.00895
273,-0.089301,-0.056668,-0.12894,0.32419,0.224549,0.091581,-0.154643,-0.148083,0.045088,-0.009727,0.071203,-0.009031
274,-0.089119,-0.05669,-0.1291,0.323835,0.224478,0.091426,-0.154731,-0.147904,0.045448,-0.009478,0.071058,-0.008849
275,-0.089179,-0.056765,-0.129004,0.323538,0.224318,0.091493,-0.154602,-0.147749,0.045401,-0.009406,0.071189,-0.0088
276,-0.088985,-0.057196,-0.129176,0.323204,0.224073,0.09143,-0.154833,-0.147762,0.045638,-0.008765,0.07106,-0.008948
277,-0.089252,-0.05703,-0.129239,0.323943,0.224479,0.091631,-0.155026,-0.148097,0.045609,-0.009014,0.070937,-0.009239
278,-0.089314,-0.057143,-0.129129,0.323938,0.224661,0.091608,-0.15497,-0.148204,0.045523,-0.009133,0.070948,-0.009258
279,-0.088666,-0.057176,-0.129306,0.32288,0.223955,0.091171,-0.155393,-0.147851,0.045855,-0.008268,0.070614,-0.008756
280,-0.090142,-0.057076,-0.128262,0.324167,0.224964,0.092442,-0.153802,-0.148273,0.044598,-0.010456,0.071381,-0.009834
281,-0.089986,-0.056903,-0.127911,0.323541,0.224621,0.092338,-0.153703,-0.14815,0.044501,-0.010203,0.071481,-0.009555
282,-0.091538,-0.056811,-0.127288,0.324441,0.225354,0.093099,-0.152987,-0.148296,0.043969,-0.011356,0.07199,-0.010277
283,-0.091143,-0.056714,-0.12739,0.323739,0.22489,0.092674,-0.153072,-0.147919,0.044012,-0.010331,0.071898,-0.00994
284,-0.090856,-0.056651,-0.128018,0.323816,0.225118,0.092423,-0.154016,-0.147936,0.044756,-0.009605,0.071694,-0.009848
285,-0.089388,-0.05653,-0.128311,0.322716,0.224208,0.091976,-0.154345,-0.148035,0.045123,-0.009069,0.071718,-0.009431
286,-0.088851,-0.056678,-0.128705,0.32352,0.224634,0.091974,-0.154666,-0.148493,0.045287,-0.009472,0.071782,-0.009775
287,-0.088292,-0.056805,-0.128915,0.323688,0.224534,0.091887,-0.154508,-0.148622,0.045213,-0.009665,0.071878,-0.009893
288,-0.086988,-0.057137,-0.129706,0.322529,0.223597,0.090888,-0.155461,-0.148371,0.045869,-0.00856,0.071369,-0.009045
289,-0.087255,-0.05714,-0.129802,0.32336,0.22393,0.090671,-0.155442,-0.148614,0.04562,-0.008989,0.071439,-0.009178
290,-0.087369,-0.057151,-0.129969,0.323659,0.223935,0.090509,-0.155572,-0.14873,0.04573,-0.008942,0.071445,-0.009193
291,-0.087738,-0.05702,-0.1299,0.323071,0.223418,0.090291,-0.155296,-0.148475,0.04575,-0.008859,0.071554,-0.008885
292,-0.089304,-0.056741,-0.129409,0.323928,0.223657,0.090724,-0.15452,-0.148749,0.045491,-0.010109,0.071875,-0.009336
293,-0.09044,-0.056468,-0.129077,0.324706,0.224046,0.091227,-0.154148,-0.14901,0.045178,-0.010994,0.072169,-0.009562
294,-0.089735,-0.056431,-0.129172,0.324084,0.22382,0.090855,-0.154784,-0.148815,0.045504,-0.01011,0.071868,-0.00919
295,-0.089611,-0.056587,-0.129187,0.324336,0.224134,0.090898,-0.154692,-0.148955,0.045557,-0.010032,0.071817,-0.009356
296,-0.089793,-0.056989,-0.129377,0.324898,0.22458,0.091006,-0.15476,-0.149403,0.045675,-0.010081,0.071729,-0.009797
297,-0.090489,-0.057016,-0.128747,0.325164,0.2247,0.09165,-0.153701,-0.149376,0.045297,-0.011013,0.072063,-0.010142
298,-0.089888,-0.057159,-0.128843,0.324847,0.224584,0.091458,-0.154171,-0.148982,0.045463,-0.010537,0.071808,-0.00997
299,-0.089993,-0.056951,-0.128886,0.32502,0.224611,0.091479,-0.154477,-0.148903,0.045312,-0.010428,0.071549,-0.009973
300,-0.089453,-0.056813,-0.129713,0.324271,0.223938,0.090808,-0.155704,-0.148544,0.045973,-0.009073,0.070901,-0.009367
301,-0.088738,-0.056653,-0.129958,0.323267,0.223276,0.090349,-0.155888,-0.148012,0.046022,-0.008106,0.070779,-0.008936
302,-0.088615,-0.056495,-0.130275,0.323417,0.223425,0.089802,-0.156645,-0.147859,0.046113,-0.007237,0.070549,-0.008784
303,-0.087808,-0.056339,-0.130597,0.322919,0.223125,0.089108,-0.157474,-0.147595,0.046385,-0.0061,0.070348,-0.008278
304,-0.086876,-0.05638,-0.130684,0.322188,0.222777,0.088636,-0.158151,-0.14736,0.046673,-0.005087,0.070316,-0.007565
305,-0.086977,-0.05633,-0.130689,0.323242,0.223727,0.089018,-0.158544,-0.147578,0.04645,-0.005391,0.07076,-0.00793
306,-0.086039,-0.056596,-0.131024,0.322522,0.223363,0.088586,-0.159084,-0.147222,0.046828,-0.004138,0.070927,-0.007701
307,-0.085332,-0.056773,-0.131444,0.322553,0.223516,0.088302,-0.159812,-0.147259,0.047322,-0.003306,0.070717,-0.007665
308,-0.0854,-0.056696,-0.13157,0.32309,0.223942,0.088388,-0.15979,-0.14746,0.047209,-0.003336,0.070778,-0.008068
309,-0.08451,-0.056787,-0.131877,0.32233,0.223583,0.088108,-0.16041,-0.147215,0.047504,-0.002236,0.070598,-0.007711
310,-0.084675,-0.056659,-0.131756,0.322414,0.223744,0.088278,-0.160227,-0.147245,0.047415,-0.002456,0.070644,-0.007936
311,-0.084975,-0.056621,-0.131898,0.322934,0.224196,0.088356,-0.16026,-0.147434,0.047419,-0.002713,0.070701,-0.008062
312,-0.084808,-0.056653,-0.13152,0.322766,0.224273,0.088572,-0.159841,-0.14734,0.047184,-0.002813,0.070802,-0.008119
313,-0.084496,-0.056443,-0.131651,0.322386,0.224005,0.088439,-0.160191,-0.147209,0.047173,-0.002489,0.070604,-0.00788
314,-0.084508,-0.056511,-0.131626,0.322962,0.224634,0.088564,-0.160312,-0.147426,0.047045,-0.002654,0.070484,-0.008163
315,-0.08399,-0.05642,-0.131801,0.322907,0.224791,0.088438,-0.160336,-0.14725,0.046844,-0.002373,0.070435,-0.008052
316,-0.083341,-0.056516,-0.132272,0.321875,0.224164,0.08769,-0.16124,-0.147005,0.047529,-0.001084,0.070082,-0.007339
317,-0.083725,-0.056396,-0.132355,0.322752,0.224621,0.088029,-0.161473,-0.147456,0.047501,-0.001404,0.070161,-0.007678
318,-0.083819,-0.056441,-0.131863,0.322485,0.224461,0.088291,-0.160607,-0.147157,0.047049,-0.001796,0.070529,-0.007833
319,-0.084045,-0.056432,-0.13222,0.322569,0.224437,0.087916,-0.161341,-0.147462,0.047691,-0.001594,0.070141,-0.007644
320,-0.084808,-0.056586,-0.131733,0.322516,0.224224,0.088325,-0.160526,-0.14726,0.047253,-0.002221,0.070491,-0.00781
321,-0.085304,-0.056473,-0.131384,0.322617,0.2241,0.088662,-0.15999,-0.147277,0.047034,-0.002829,0.070709,-0.008066
322,-0.08561,-0.056474,-0.131295,0.32301,0.224264,0.088803,-0.159837,-0.147439,0.046995,-0.003319,0.070778,-0.008285
323,-0.085852,-0.056525,-0.13098,0.322617,0.223531,0.089061,-0.159176,-0.14727,0.046769,-0.003954,0.070828,-0.008268
324,-0.087283,-0.056445,-0.130355,0.32327,0.223573,0.089526,-0.158119,-0.147895,0.046436,-0.005964,0.070883,-0.00849
325,-0.087513,-0.056314,-0.130031,0.323016,0.223183,0.089822,-0.157197,-0.147704,0.045955,-0.006663,0.071071,-0.008403
326,-0.087728,-0.056553,-0.130182,0.32333,0.223359,0.089767,-0.157267,-0.148002,0.046082,-0.007086,0.070978,-0.008467
327,-0.089244,-0.056757,-0.130135,0.323642,0.223246,0.090663,-0.155669,-0.148262,0.045999,-0.009316,0.071483,-0.008851
328,-0.090156,-0.05705,-0.129962,0.324415,0.223648,0.091279,-0.154819,-0.148777,0.045869,-0.010703,0.071568,-0.00941
329,-0.091036,-0.057386,-0.129225,0.325298,0.223988,0.091973,-0.153414,-0.149321,0.045441,-0.011987,0.072047,-0.009906
330,-0.09112,-0.057386,-0.129094,0.325291,0.224036,0.091707,-0.153505,-0.149819,0.045558,-0.011347,0.071914,-0.010036
331,-0.090174,-0.056824,-0.129086,0.32468,0.223753,0.091072,-0.154601,-0.149229,0.045594,-0.010145,0.071445,-0.009602
332,-0.090016,-0.056769,-0.12898,0.324248,0.223642,0.09106,-0.154594,-0.148886,0.045439,-0.009954,0.071483,-0.009558
333,-0.088367,-0.056703,-0.129589,0.323656,0.223412,0.090566,-0.155076,-0.148593,0.045507,-0.009166,0.071176,-0.009552
334,-0.088541,-0.056802,-0.129407,0.323467,0.223588,0.091058,-0.154701,-0.148532,0.045296,-0.009725,0.071478,-0.009655
335,-0.088459,-0.056881,-0.129448,0.323074,0.223809,0.09133,-0.15489,-0.14856,0.045405,-0.00968,0.071663,-0.009673
336,-0.088171,-0.056802,-0.129465,0.322517,0.223845,0.091269,-0.155353,-0.14841,0.045905,-0.008744,0.071441,-0.009414
337,-0.088063,-0.056503,-0.129543,0.321928,0.223876,0.09082,-0.156017,-0.147841,0.046349,-0.007452,0.070871,-0.008741
338,-0.088711,-0.056456,-0.129232,0.322215,0.224167,0.091148,-0.155629,-0.147712,0.045989,-0.007684,0.070979,-0.008868
339,-0.089938,-0.056517,-0.128633,0.323156,0.224923,0.091894,-0.154868,-0.147966,0.045233,-0.008844,0.071205,-0.009462
340,-0.090533,-0.056585,-0.127971,0.323325,0.224879,0.092389,-0.153902,-0.147727,0.044636,-0.009503,0.071666,-0.009841
341,-0.090275,-0.056653,-0.127742,0.323689,0.224966,0.092539,-0.153571,-0.147924,0.044415,-0.010442,0.071913,-0.009738
342,-0.089265,-0.056662,-0.12852,0.323487,0.224826,0.09187,-0.154674,-0.148289,0.045038,-0.009794,0.071435,-0.009316
343,-0.089243,-0.056604,-0.128508,0.323826,0.225014,0.092047,-0.154484,-0.148324,0.04481,-0.010126,0.071471,-0.009442
344,-0.088996,-0.056663,-0.128754,0.324068,0.225116,0.092009,-0.154825,-0.148283,0.044915,-0.009734,0.071516,-0.0094
345,-0.089039,-0.056833,-0.128484,0.324317,0.225033,0.092187,-0.154477,-0.148136,0.044571,-0.009774,0.071864,-0.009536
346,-0.088776,-0.05695,-0.128696,0.324341,0.225016,0.091982,-0.154885,-0.148074,0.044765,-0.009401,0.071818,-0.009506
347,-0.088673,-0.057087,-0.128785,0.324407,0.224917,0.091642,-0.154888,-0.147893,0.044811,-0.009055,0.071761,-0.009326
348,-0.089733,-0.056993,-0.128655,0.325196,0.225172,0.091834,-0.154201,-0.14813,0.044332,-0.010158,0.071699,-0.009645
349,-0.089603,-0.056823,-0.128509,0.324871,0.224833,0.091721,-0.153796,-0.147984,0.044202,-0.010248,0.071775,-0.00951
350,-0.089824,-0.05678,-0.128336,0.324857,0.224773,0.091827,-0.153694,-0.148287,0.044066,-0.010666,0.071697,-0.009814
351,-0.089967,-0.056181,-0.128002,0.324101,0.22418,0.092043,-0.153036,-0.148379,0.043732,-0.010941,0.071515,-0.00996
352,-0.090408,-0.055965,-0.12776,0.324655,0.224741,0.092342,-0.152677,-0.14873,0.043312,-0.011614,0.071578,-0.01025
353,-0.090718,-0.05585,-0.127585,0.32465,0.224837,0.092488,-0.152484,-0.148716,0.043043,-0.01185,0.071694,-0.010373
354,-0.090956,-0.055944,-0.127304,0.324252,0.224569,0.092541,-0.152265,-0.148502,0.043009,-0.011771,0.071595,-0.010475
355,-0.089828,-0.055891,-0.127898,0.323367,0.223996,0.091804,-0.153309,-0.14823,0.043991,-0.010353,0.071119,-0.00971
356,-0.088989,-0.055907,-0.128513,0.323091,0.223924,0.091368,-0.154206,-0.148227,0.044668,-0.00939,0.070946,-0.009317
357,-0.087128,-0.05609,-0.129358,0.322352,0.223684,0.090664,-0.155635,-0.148434,0.04557,-0.007983,0.070974,-0.008955
358,-0.086557,-0.056671,-0.130132,0.322743,0.223954,0.090674,-0.156635,-0.149109,0.046231,-0.00764,0.071058,-0.00927
359,-0.086583,-0.056571,-0.130002,0.322821,0.223419,0.090555,-0.156039,-0.148534,0.0456,-0.007994,0.071149,-0.009261
360,-0.086758,-0.056405,-0.129905,0.323286,0.223381,0.089982,-0.15581,-0.14831,0.045525,-0.00837,0.071218,-0.008984
361,-0.088094,-0.056431,-0.129577,0.324339,0.224071,0.090477,-0.155324,-0.148898,0.045201,-0.00918,0.071465,-0.009386
362,-0.088717,-0.056484,-0.12931,0.324407,0.224143,0.090886,-0.155112,-0.148981,0.045167,-0.009384,0.071595,-0.009515
363,-0.089299,-0.056483,-0.129179,0.324845,0.22441,0.091319,-0.154852,-0.149345,0.04522,-0.009815,0.07173,-0.009899
364,-0.088583,-0.056696,-0.129737,0.323881,0.223833,0.090709,-0.155786,-0.149398,0.046092,-0.008711,0.071161,-0.009091
365,-0.089941,-0.05708,-0.129162,0.325372,0.224655,0.091845,-0.154308,-0.14976,0.045319,-0.010423,0.071809,-0.009985
366,-0.089458,-0.057113,-0.129278,0.324097,0.223597,0.091369,-0.154315,-0.149011,0.045518,-0.010201,0.071512,-0.009441
367,-0.090046,-0.056978,-0.129279,0.324995,0.224137,0.091798,-0.15391,-0.14921,0.045093,-0.010756,0.071902,-0.009954
368,-0.089327,-0.056879,-0.129656,0.323741,0.223265,0.091247,-0.154849,-0.148688,0.045589,-0.009862,0.071509,-0.009369
369,-0.088933,-0.056819,-0.130187,0.323652,0.223248,0.090503,-0.155683,-0.148036,0.045924,-0.009098,0.071569,-0.008849
370,-0.088698,-0.056723,-0.130147,0.322736,0.222874,0.09006,-0.156146,-0.147658,0.045997,-0.008406,0.071449,-0.008505
371,-0.088161,-0.056232,-0.130111,0.323296,0.223514,0.089508,-0.156996,-0.147596,0.045787,-0.006671,0.070846,-0.00847
372,-0.08689,-0.05642,-0.13014,0.322137,0.223075,0.088986,-0.15806,-0.14739,0.046256,-0.005652,0.070912,-0.007396
373,-0.087038,-0.056209,-0.130177,0.322495,0.223123,0.088977,-0.158323,-0.147324,0.046377,-0.005648,0.070811,-0.00744
374,-0.086433,-0.056109,-0.130463,0.321768,0.222577,0.088556,-0.1584,-0.147121,0.046481,-0.00482,0.070386,-0.007501
375,-0.084627,-0.056122,-0.130699,0.321359,0.222822,0.087932,-0.158978,-0.147122,0.046835,-0.003963,0.070554,-0.007582
376,-0.083782,-0.056301,-0.131426,0.320658,0.222499,0.087403,-0.160293,-0.147317,0.047613,-0.002604,0.069931,-0.007039
377,-0.084684,-0.056123,-0.131324,0.322381,0.22313,0.088363,-0.159222,-0.148122,0.047176,-0.003939,0.070066,-0.007177
378,-0.08651,-0.056289,-0.130663,0.322972,0.223413,0.088713,-0.15853,-0.148301,0.046923,-0.005235,0.070222,-0.007662
379,-0.087414,-0.056234,-0.130384,0.323139,0.223421,0.089199,-0.157969,-0.148186,0.046766,-0.00592,0.07041,-0.00801
380,-0.087972,-0.056367,-0.130098,0.323226,0.223311,0.089799,-0.157307,-0.148205,0.046184,-0.006728,0.070724,-0.008219
381,-0.087213,-0.05618,-0.130883,0.322805,0.222706,0.089222,-0.157757,-0.147783,0.046889,-0.005659,0.070426,-0.007892
382,-0.087668,-0.056455,-0.130507,0.323268,0.223341,0.089373,-0.157521,-0.147985,0.046327,-0.006352,0.070538,-0.008047
383,-0.087462,-0.056361,-0.130328,0.322728,0.223095,0.089262,-0.157637,-0.147712,0.046253,-0.006163,0.070425,-0.007828
384,-0.087449,-0.05635,-0.130189,0.322638,0.223093,0.089437,-0.157357,-0.147709,0.046132,-0.006199,0.070566,-0.008065
385,-0.087436,-0.056337,-0.130315,0.322965,0.223294,0.089722,-0.157611,-0.147963,0.046318,-0.006282,0.070677,-0.008261
386,-0.087286,-0.0565,-0.130344,0.322897,0.223299,0.089884,-0.157509,-0.148028,0.046498,-0.006419,0.070814,-0.008344
387,-0.088563,-0.056839,-0.129788,0.323955,0.223934,0.09089,-0.156069,-0.148649,0.046031,-0.008301,0.071112,-0.00922
388,-0.088041,-0.057124,-0.130183,0.323095,0.223385,0.090418,-0.156738,-0.148528,0.046753,-0.007637,0.070636,-0.008458
389,-0.089774,-0.057189,-0.129367,0.325182,0.224434,0.09166,-0.154666,-0.149559,0.045783,-0.010266,0.07141,-0.009595
390,-0.089898,-0.057243,-0.129025,0.324793,0.224178,0.091653,-0.154202,-0.149435,0.045557,-0.010132,0.071606,-0.009649
391,-0.090138,-0.057104,-0.128894,0.325165,0.22441,0.091778,-0.15391,-0.149669,0.045394,-0.010258,0.071751,-0.009817
392,-0.090308,-0.057215,-0.129113,0.325638,0.224845,0.091702,-0.154476,-0.149883,0.04551,-0.009862,0.071647,-0.009955
393,-0.089111,-0.056758,-0.129329,0.324304,0.223997,0.090683,-0.155186,-0.149301,0.045734,-0.008631,0.071388,-0.009241
394,-0.089327,-0.056506,-0.128783,0.324507,0.224144,0.090878,-0.154764,-0.149034,0.045169,-0.009188,0.07166,-0.009486
395,-0.088819,-0.056461,-0.129147,0.323784,0.223672,0.090604,-0.155249,-0.148831,0.045565,-0.008626,0.071338,-0.00914
396,-0.089821,-0.05663,-0.128567,0.324346,0.224267,0.091415,-0.154292,-0.148836,0.044677,-0.010095,0.071583,-0.00991
397,-0.089078,-0.056804,-0.128944,0.323482,0.223772,0.091195,-0.154362,-0.148275,0.044839,-0.009282,0.071525,-0.009495
398,-0.087405,-0.057017,-0.129871,0.322499,0.223856,0.090288,-0.156245,-0.147804,0.046191,-0.007558,0.070871,-0.008723
399,-0.087489,-0.056838,-0.129639,0.32278,0.223864,0.090712,-0.155901,-0.147949,0.045931,-0.008076,0.071027,-0.008991
400,-0.086621,-0.05672,-0.129956,0.322622,0.22348,0.090408,-0.15686,-0.148556,0.046676,-0.007402,0.070818,-0.008808
401,-0.086476,-0.056675,-0.129828,0.3219,0.223211,0.090276,-0.156639,-0.1485,0.04659,-0.00704,0.070949,-0.008664
402,-0.087769,-0.056759,-0.129449,0.322652,0.224285,0.09101,-0.15606,-0.148622,0.046197,-0.007963,0.071518,-0.009573
403,-0.087521,-0.056453,-0.129322,0.322483,0.224241,0.090728,-0.156104,-0.148449,0.045966,-0.007612,0.071478,-0.009224
404,-0.087483,-0.056499,-0.129484,0.321964,0.224,0.090604,-0.15624,-0.148184,0.045994,-0.00726,0.071312,-0.009187
405,-0.088077,-0.056241,-0.129261,0.3226,0.224179,0.090897,-0.155323,-0.148096,0.045281,-0.008201,0.071276,-0.009331
406,-0.088244,-0.056109,-0.128767,0.322307,0.223825,0.091121,-0.154829,-0.14793,0.044957,-0.008402,0.07122,-0.009219
407,-0.088284,-0.056109,-0.12884,0.322479,0.223813,0.091155,-0.155128,-0.148183,0.045046,-0.008234,0.070966,-0.009306
408,-0.088552,-0.056124,-0.129069,0.323018,0.224042,0.091265,-0.155042,-0.1486,0.045047,-0.008634,0.070787,-0.009353
409,-0.089578,-0.055764,-0.128132,0.323496,0.22397,0.091424,-0.153672,-0.148284,0.044188,-0.010361,0.07094,-0.009396
410,-0.089929,-0.055951,-0.128281,0.323622,0.224098,0.091203,-0.153832,-0.148253,0.044415,-0.010261,0.070651,-0.009621
411,-0.090648,-0.056373,-0.12822,0.323864,0.22495,0.091526,-0.153899,-0.147717,0.044486,-0.009907,0.071264,-0.009793
412,-0.089267,-0.056918,-0.12849,0.323944,0.225318,0.091803,-0.155387,-0.147925,0.045218,-0.007703,0.071302,-0.009456
413,-0.08834,-0.05689,-0.12843,0.322922,0.224956,0.091591,-0.155878,-0.147667,0.045466,-0.006614,0.071237,-0.008817
414,-0.088752,-0.056718,-0.128618,0.323412,0.225378,0.091546,-0.156046,-0.147986,0.04562,-0.007239,0.071211,-0.009071
415,-0.089332,-0.056451,-0.128452,0.322532,0.22448,0.091983,-0.154656,-0.1476,0.045047,-0.008514,0.071594,-0.009145
416,-0.089477,-0.056335,-0.1285,0.322978,0.224797,0.091799,-0.154781,-0.147862,0.045234,-0.00878,0.071509,-0.009232
417,-0.088559,-0.056339,-0.128905,0.322106,0.22403,0.091276,-0.155127,-0.147934,0.045693,-0.008327,0.071262,-0.009052
418,-0.088345,-0.056494,-0.129081,0.322383,0.224074,0.091245,-0.155144,-0.148153,0.045817,-0.008553,0.071401,-0.009289
419,-0.08785,-0.056884,-0.129423,0.322522,0.223763,0.091274,-0.155171,-0.148385,0.045798,-0.008762,0.071593,-0.009322
420,-0.08781,-0.057056,-0.129385,0.322698,0.223739,0.091223,-0.155066,-0.148445,0.045597,-0.008952,0.071615,-0.00926
421,-0.087522,-0.057076,-0.129644,0.32311,0.223742,0.090853,-0.155066,-0.148518,0.045454,-0.009066,0.071579,-0.009121
422,-0.088047,-0.057091,-0.129565,0.324321,0.224212,0.090932,-0.15513,-0.14873,0.045331,-0.009592,0.071719,-0.009376
423,-0.088224,-0.056899,-0.129322,0.323968,0.223629,0.090906,-0.15446,-0.148511,0.045154,-0.009366,0.072068,-0.009106
424,-0.090016,-0.056879,-0.12919,0.324836,0.224096,0.091286,-0.154244,-0.14913,0.045276,-0.010209,0.072068,-0.009406
425,-0.090043,-0.056841,-0.128737,0.324488,0.223818,0.091557,-0.153807,-0.148786,0.045076,-0.010493,0.072166,-0.009328
426,-0.090069,-0.056904,-0.128798,0.324783,0.224086,0.091477,-0.154119,-0.148992,0.045199,-0.010596,0.072234,-0.00928
427,-0.09067,-0.057423,-0.128898,0.325138,0.224267,0.091838,-0.153798,-0.149246,0.045558,-0.010897,0.072142,-0.00948
428,-0.090259,-0.057489,-0.129253,0.325203,0.224376,0.091416,-0.154578,-0.149257,0.045958,-0.010325,0.071719,-0.009364
429,-0.090683,-0.057261,-0.128639,0.325368,0.224308,0.091992,-0.153594,-0.148998,0.045143,-0.011039,0.072159,-0.009571
430,-0.090215,-0.057093,-0.128924,0.324627,0.22399,0.091556,-0.154401,-0.148608,0.045371,-0.010319,0.071719,-0.009222
431,-0.090221,-0.056945,-0.12928,0.324762,0.224075,0.09141,-0.154915,-0.148632,0.045533,-0.009942,0.07134,-0.009278
432,-0.089829,-0.05674,-0.129599,0.323336,0.223162,0.090733,-0.155526,-0.148204,0.045674,-0.008922,0.071166,-0.008575
433,-0.088516,-0.056703,-0.13035,0.323135,0.223331,0.089943,-0.156749,-0.148157,0.046177,-0.00753,0.070937,-0.008019
434,-0.087547,-0.056594,-0.130523,0.322567,0.223133,0.089248,-0.157587,-0.147839,0.046454,-0.006339,0.070899,-0.007572
435,-0.086778,-0.056503,-0.130456,0.322168,0.223032,0.08881,-0.158185,-0.147523,0.046468,-0.005502,0.070798,-0.00721
436,-0.087174,-0.056344,-0.130339,0.322431,0.223324,0.088887,-0.158492,-0.147409,0.046479,-0.005051,0.070485,-0.007555
437,-0.087739,-0.056101,-0.130143,0.323139,0.223732,0.089464,-0.157826,-0.147356,0.045908,-0.005522,0.070909,-0.008307
438,-0.087331,-0.056205,-0.130641,0.323294,0.224025,0.089087,-0.158644,-0.147491,0.046395,-0.004853,0.070699,-0.008303
439,-0.086414,-0.056213,-0.130867,0.322513,0.223509,0.088683,-0.159241,-0.147211,0.046692,-0.003793,0.070499,-0.007893
440,-0.086418,-0.056246,-0.130856,0.322704,0.223699,0.088652,-0.159244,-0.147313,0.046666,-0.004001,0.07046,-0.007955
441,-0.086357,-0.056199,-0.130697,0.322491,0.223478,0.088744,-0.158945,-0.147143,0.046494,-0.003991,0.070578,-0.007873
442,-0.086627,-0.056167,-0.130746,0.322972,0.223781,0.088734,-0.158915,-0.147466,0.046531,-0.004502,0.070479,-0.008072
443,-0.086785,-0.05616,-0.130357,0.322504,0.223337,0.088943,-0.158243,-0.147233,0.046178,-0.004914,0.070627,-0.008001
444,-0.087577,-0.0562,-0.130176,0.323102,0.223816,0.089131,-0.157931,-0.147547,0.046044,-0.005749,0.070599,-0.008207
445,-0.087691,-0.056239,-0.129988,0.322496,0.223068,0.089153,-0.157489,-0.147412,0.046028,-0.005839,0.070622,-0.008073
446,-0.088381,-0.05642,-0.130133,0.323337,0.223462,0.089487,-0.157025,-0.14777,0.045824,-0.006812,0.070796,-0.008685
447,-0.088445,-0.056445,-0.130209,0.32317,0.223022,0.08983,-0.156429,-0.147752,0.045788,-0.007067,0.070783,-0.008786
448,-0.089452,-0.056778,-0.129868,0.32397,0.223526,0.090764,-0.155471,-0.148313,0.045691,-0.00882,0.070828,-0.009471
449,-0.089874,-0.056898,-0.129798,0.324837,0.224138,0.091161,-0.155164,-0.148987,0.045766,-0.009701,0.070927,-0.009594
450,-0.089743,-0.057126,-0.129547,0.324752,0.22419,0.091172,-0.154971,-0.149103,0.04585,-0.009972,0.071035,-0.009612
451,-0.089653,-0.057357,-0.129213,0.324589,0.224162,0.091357,-0.15442,-0.149161,0.045619,-0.009999,0.071428,-0.009885
452,-0.090381,-0.057422,-0.129222,0.325658,0.224856,0.091556,-0.154153,-0.149793,0.045491,-0.010772,0.071569,-0.010279
453,-0.090421,-0.057275,-0.129348,0.324904,0.224195,0.09126,-0.154016,-0.149655,0.045599,-0.010195,0.071648,-0.010122
454,-0.090108,-0.057057,-0.129559,0.325046,0.224389,0.090932,-0.154527,-0.149689,0.045766,-0.010035,0.071433,-0.00995
455,-0.090273,-0.056625,-0.129179,0.324656,0.22401,0.090958,-0.154302,-0.149135,0.045321,-0.01016,0.071548,-0.009779
456,-0.090344,-0.056604,-0.12883,0.32498,0.224215,0.091212,-0.153688,-0.149019,0.04489,-0.010689,0.071833,-0.010171
457,-0.08996,-0.056585,-0.129173,0.324831,0.224228,0.091021,-0.154267,-0.149079,0.045094,-0.010358,0.071604,-0.010191
458,-0.089059,-0.056635,-0.129361,0.32388,0.223642,0.090572,-0.154613,-0.148571,0.045242,-0.00965,0.071444,-0.009783
459,-0.088582,-0.056699,-0.12956,0.323555,0.223296,0.090446,-0.154755,-0.148502,0.045322,-0.00934,0.0714,-0.00951
460,-0.08951,-0.056749,-0.129078,0.324558,0.223994,0.09139,-0.153814,-0.148687,0.044591,-0.010557,0.071822,-0.010261
461,-0.089221,-0.056748,-0.129192,0.323807,0.223574,0.091176,-0.154063,-0.14854,0.044911,-0.01019,0.071719,-0.009832
462,-0.08812,-0.056882,-0.129507,0.322624,0.223195,0.09064,-0.155093,-0.14827,0.045595,-0.00892,0.071344,-0.009145
463,-0.087837,-0.056867,-0.129572,0.322738,0.223679,0.090808,-0.155571,-0.148435,0.045673,-0.008682,0.071282,-0.00933
464,-0.087746,-0.056908,-0.129492,0.322726,0.223889,0.090959,-0.155677,-0.148331,0.045697,-0.008508,0.071301,-0.009307
465,-0.087562,-0.056855,-0.129291,0.322092,0.223422,0.091065,-0.155435,-0.148155,0.045702,-0.008156,0.071315,-0.00909
466,-0.087084,-0.056812,-0.129597,0.322244,0.223908,0.090772,-0.156189,-0.148202,0.046167,-0.007615,0.071124,-0.009041
467,-0.087634,-0.056711,-0.129312,0.322545,0.224265,0.091151,-0.155764,-0.148267,0.04591,-0.007978,0.071487,-0.009236
468,-0.087615,-0.056519,-0.129069,0.322613,0.224651,0.091158,-0.156035,-0.148038,0.045909,-0.007571,0.071264,-0.008955
469,-0.087584,-0.056568,-0.129021,0.323044,0.225168,0.091125,-0.156448,-0.148135,0.045962,-0.006964,0.071312,-0.008887
470,-0.087365,-0.056762,-0.128932,0.322727,0.225118,0.090924,-0.157039,-0.147973,0.046313,-0.005885,0.070927,-0.008651
471,-0.088206,-0.056778,-0.128787,0.323604,0.225424,0.091437,-0.156567,-0.148116,0.045904,-0.00654,0.071119,-0.008946
472,-0.088241,-0.056932,-0.128855,0.323043,0.225027,0.091274,-0.156675,-0.147886,0.046095,-0.006249,0.071009,-0.008813
473,-0.088346,-0.056898,-0.12888,0.322771,0.224605,0.091273,-0.156542,-0.147749,0.04607,-0.006305,0.070925,-0.008752
474,-0.089792,-0.056623,-0.128067,0.32347,0.225029,0.09165,-0.154955,-0.14777,0.045129,-0.008213,0.071087,-0.009404
475,-0.090065,-0.056428,-0.127952,0.323244,0.224762,0.09153,-0.154302,-0.147447,0.044673,-0.008807,0.071362,-0.009378
476,-0.090504,-0.056211,-0.127951,0.32381,0.224836,0.09161,-0.153774,-0.147667,0.044505,-0.009852,0.071402,-0.009691
477,-0.089787,-0.056219,-0.128362,0.323624,0.224268,0.091327,-0.153955,-0.147952,0.044712,-0.009484,0.070976,-0.009427
478,-0.088783,-0.055946,-0.128794,0.322676,0.223524,0.090664,-0.15457,-0.147848,0.045145,-0.008701,0.070534,-0.00889
479,-0.088674,-0.05572,-0.128695,0.322807,0.223549,0.090684,-0.154434,-0.148002,0.044999,-0.009063,0.070603,-0.00898
480,-0.089131,-0.055771,-0.128582,0.323432,0.223973,0.091125,-0.154339,-0.148235,0.044645,-0.009994,0.070976,-0.009412
481,-0.087606,-0.056154,-0.129438,0.322803,0.223941,0.090878,-0.155754,-0.148753,0.045492,-0.008292,0.07098,-0.009174
482,-0.087117,-0.056338,-0.129341,0.322462,0.223786,0.091062,-0.155522,-0.148572,0.045354,-0.008115,0.071366,-0.009419
483,-0.087023,-0.056575,-0.129781,0.322777,0.223987,0.090929,-0.156118,-0.148855,0.045685,-0.008104,0.071272,-0.009558
484,-0.086339,-0.056669,-0.130007,0.322354,0.223498,0.090598,-0.156304,-0.148523,0.045756,-0.007522,0.071181,-0.009345
485,-0.087006,-0.056622,-0.129882,0.323658,0.22411,0.090824,-0.155855,-0.148668,0.045233,-0.008491,0.07142,-0.009659
486,-0.086607,-0.056558,-0.130105,0.32335,0.223758,0.09027,-0.156272,-0.148534,0.045637,-0.008108,0.071212,-0.009276
487,-0.086416,-0.056526,-0.130332,0.32339,0.223697,0.089987,-0.156493,-0.148552,0.045863,-0.007676,0.071146,-0.009073
488,-0.086963,-0.056485,-0.129811,0.323135,0.223589,0.090147,-0.155859,-0.14841,0.045529,-0.008124,0.071438,-0.009255
489,-0.087046,-0.056382,-0.129696,0.323223,0.223564,0.090083,-0.155839,-0.148519,0.045474,-0.008326,0.071393,-0.009238
490,-0.087398,-0.05638,-0.129474,0.323566,0.223696,0.090343,-0.155502,-0.14859,0.045228,-0.008854,0.071482,-0.009251
491,-0.088071,-0.05631,-0.129632,0.32434,0.223987,0.090386,-0.155414,-0.148987,0.045312,-0.009164,0.071375,-0.009318
492,-0.087778,-0.056481,-0.129828,0.323807,0.22374,0.089997,-0.155972,-0.14894,0.045873,-0.008539,0.071066,-0.008983
493,-0.089162,-0.056496,-0.129332,0.324564,0.22429,0.090805,-0.155139,-0.149175,0.045468,-0.00934,0.071554,-0.009464
494,-0.088575,-0.056812,-0.129501,0.323651,0.223624,0.090789,-0.155613,-0.148747,0.045975,-0.008613,0.071383,-0.009032
495,-0.089596,-0.057082,-0.129294,0.324893,0.224389,0.091224,-0.154736,-0.149428,0.045593,-0.009676,0.071493,-0.009723
496,-0.088554,-0.057127,-0.129593,0.324011,0.223666,0.090688,-0.155527,-0.149294,0.046317,-0.008416,0.071183,-0.009192
497,-0.089195,-0.057085,-0.129523,0.324586,0.224095,0.091064,-0.155215,-0.149661,0.046104,-0.008916,0.071293,-0.009457
498,-0.089036,-0.057189,-0.129303,0.324798,0.224406,0.091154,-0.154985,-0.149601,0.045888,-0.009442,0.071343,-0.009458
499,-0.090375,-0.05743,-0.129242,0.325712,0.224602,0.091843,-0.153983,-0.149785,0.045542,-0.011201,0.071922,-0.009888
500,-0.091339,-0.05743,-0.128785,0.325775,0.22449,0.092403,-0.152699,-0.149558,0.045069,-0.012671,0.072304,-0.010229
501,-0.090823,-0.057296,-0.128847,0.325788,0.224731,0.092136,-0.153473,-0.149474,0.045125,-0.011512,0.071834,-0.010573
502,-0.089758,-0.056959,-0.128811,0.324513,0.224241,0.091478,-0.154306,-0.148463,0.045296,-0.010347,0.071678,-0.009718
503,-0.090668,-0.056938,-0.12846,0.325333,0.224744,0.091941,-0.153714,-0.148644,0.04472,-0.011411,0.072332,-0.009909
504,-0.090438,-0.057117,-0.129071,0.324389,0.223778,0.091479,-0.154647,-0.148649,0.045637,-0.010159,0.071465,-0.009065
505,-0.090667,-0.057058,-0.129066,0.325013,0.224012,0.091839,-0.154545,-0.148946,0.045422,-0.010244,0.071495,-0.009412
506,-0.088556,-0.056957,-0.129161,0.324053,0.223894,0.091364,-0.155153,-0.14861,0.045423,-0.008773,0.071723,-0.009384
507,-0.088274,-0.057097,-0.129506,0.32381,0.223768,0.091136,-0.155614,-0.148552,0.045845,-0.008497,0.07171,-0.009391
508,-0.088704,-0.057043,-0.129889,0.324011,0.223777,0.090882,-0.155846,-0.148659,0.04598,-0.008436,0.071775,-0.009592
509,-0.088264,-0.056757,-0.130242,0.323217,0.223018,0.090322,-0.156154,-0.148497,0.046143,-0.007635,0.071345,-0.009027
510,-0.088878,-0.056641,-0.12995,0.324498,0.22383,0.090694,-0.155611,-0.149086,0.045638,-0.008621,0.071391,-0.009314
511,-0.089111,-0.056777,-0.129436,0.324328,0.223485,0.091009,-0.155111,-0.148889,0.045519,-0.008572,0.071534,-0.009244
512,-0.089173,-0.056942,-0.129695,0.324747,0.223783,0.090824,-0.155643,-0.149078,0.045891,-0.008518,0.071233,-0.009377
513,-0.08899,-0.056994,-0.129748,0.324323,0.223633,0.090625,-0.155863,-0.14896,0.04611,-0.008191,0.071269,-0.009327
514,-0.0892,-0.056941,-0.129506,0.324291,0.223595,0.090822,-0.155311,-0.148689,0.045863,-0.008118,0.071581,-0.009463
515,-0.089343,-0.056995,-0.128966,0.324233,0.223924,0.091071,-0.154943,-0.1487,0.045515,-0.008745,0.071687,-0.009482
516,-0.088938,-0.056973,-0.129532,0.32446,0.224251,0.090752,-0.156101,-0.149018,0.045976,-0.008343,0.071108,-0.009268
517,-0.08857,-0.05684,-0.129188,0.32393,0.223829,0.090754,-0.155616,-0.148739,0.045768,-0.008439,0.071162,-0.008976
518,-0.088748,-0.05692,-0.129453,0.324386,0.224251,0.090614,-0.15597,-0.149166,0.046063,-0.008467,0.071058,-0.009198
519,-0.089135,-0.056852,-0.129041,0.32445,0.224095,0.091183,-0.154944,-0.149004,0.045343,-0.009131,0.07163,-0.009496
520,-0.089235,-0.056873,-0.129314,0.324663,0.224296,0.090956,-0.155486,-0.149291,0.045644,-0.008903,0.071467,-0.00948
521,-0.089203,-0.05683,-0.129037,0.324568,0.22424,0.091242,-0.154949,-0.149105,0.045266,-0.009045,0.071752,-0.009538
522,-0.089462,-0.056739,-0.128909,0.32437,0.224124,0.091331,-0.154684,-0.148979,0.04509,-0.009368,0.071873,-0.009632
523,-0.089805,-0.056621,-0.128766,0.324923,0.224555,0.091578,-0.154583,-0.149185,0.044961,-0.009642,0.071918,-0.009915
524,-0.08966,-0.056587,-0.128826,0.324657,0.224451,0.091392,-0.154784,-0.149046,0.044978,-0.009445,0.071794,-0.00981
525,-0.089446,-0.056429,-0.128611,0.324367,0.224086,0.091425,-0.154403,-0.148735,0.044778,-0.009446,0.071935,-0.009679
526,-0.089445,-0.056395,-0.128701,0.324743,0.224387,0.09131,-0.154882,-0.14895,0.044873,-0.009284,0.071849,-0.009664
527,-0.089377,-0.056368,-0.128791,0.324599,0.22434,0.091138,-0.155097,-0.149045,0.045056,-0.009154,0.071655,-0.00951
528,-0.089452,-0.056343,-0.128575,0.324145,0.22395,0.091301,-0.154838,-0.148739,0.044911,-0.009391,0.071713,-0.009469
529,-0.089942,-0.056221,-0.128447,0.324458,0.224179,0.091565,-0.154445,-0.148935,0.044652,-0.009916,0.07168,-0.009659
530,-0.09034,-0.056382,-0.128194,0.325086,0.22455,0.091817,-0.15404,-0.14906,0.044258,-0.010659,0.07201,-0.010024
531,-0.089481,-0.05635,-0.128695,0.324029,0.223641,0.091317,-0.154638,-0.148758,0.044824,-0.009659,0.071562,-0.009358
532,-0.088862,-0.056462,-0.129251,0.323717,0.22362,0.090672,-0.155413,-0.148717,0.045456,-0.008771,0.071165,-0.009162
533,-0.089462,-0.056407,-0.129027,0.324256,0.223681,0.091045,-0.154606,-0.148635,0.044993,-0.009704,0.071617,-0.009593
534,-0.088919,-0.056507,-0.129309,0.323415,0.223299,0.090677,-0.154887,-0.148311,0.045269,-0.009247,0.071569,-0.009357
535,-0.088826,-0.05652,-0.129424,0.323224,0.223207,0.090669,-0.15479,-0.148227,0.04526,-0.009205,0.071691,-0.009264
536,-0.088737,-0.056705,-0.129835,0.323792,0.223532,0.09051,-0.155235,-0.148704,0.045549,-0.009113,0.071378,-0.009213
537,-0.088031,-0.057074,-0.129716,0.32404,0.223948,0.090739,-0.155001,-0.148806,0.045465,-0.009481,0.07161,-0.009234
538,-0.087746,-0.056911,-0.12988,0.322985,0.223211,0.090367,-0.155452,-0.148358,0.045844,-0.008936,0.071443,-0.008859
539,-0.088479,-0.05661,-0.129605,0.323646,0.223605,0.090668,-0.154995,-0.148598,0.045466,-0.009506,0.07159,-0.009413
540,-0.089065,-0.056721,-0.129345,0.32423,0.223896,0.090981,-0.154413,-0.148745,0.044988,-0.010288,0.071758,-0.009953
541,-0.08777,-0.056711,-0.129487,0.323339,0.223541,0.090521,-0.155157,-0.14841,0.045475,-0.008957,0.071416,-0.009209
542,-0.08717,-0.056765,-0.130052,0.32322,0.2236,0.089947,-0.156189,-0.148562,0.046041,-0.008055,0.071122,-0.008986
543,-0.086795,-0.056752,-0.129751,0.322847,0.223447,0.089912,-0.155889,-0.148189,0.045802,-0.007705,0.071227,-0.008768
544,-0.085771,-0.056781,-0.130032,0.322547,0.223441,0.089306,-0.156794,-0.148011,0.046101,-0.006382,0.070685,-0.008471
545,-0.085497,-0.056687,-0.130123,0.323001,0.223918,0.089181,-0.157145,-0.14823,0.046258,-0.005975,0.070574,-0.00862
546,-0.085139,-0.056881,-0.130281,0.322668,0.223443,0.089274,-0.157069,-0.147975,0.046171,-0.005692,0.07065,-0.008612
547,-0.085964,-0.057002,-0.130064,0.322618,0.223229,0.089769,-0.156674,-0.147926,0.045894,-0.00623,0.070917,-0.008804
548,-0.085927,-0.056851,-0.129717,0.32303,0.223815,0.089434,-0.156723,-0.147906,0.045806,-0.006527,0.071091,-0.008812
549,-0.086794,-0.05704,-0.130077,0.323478,0.223815,0.09007,-0.156613,-0.148596,0.045985,-0.007213,0.07125,-0.009005
550,-0.087268,-0.056607,-0.129854,0.323789,0.224054,0.090041,-0.155878,-0.148482,0.04549,-0.008331,0.07139,-0.009254
