t,s1
0.051,6.8092
0.073,7.8268
0.097,8.5054
0.131,8.946
0.165,9.049
0.198,8.8515
0.231,8.3662
0.264,7.6479
0.298,6.3858
0.331,4.9971
0.364,3.3274
0.399,1.7393
0.431,0.1183
0.465,-1.4849
0.498,-3.0371
0.532,-4.4836
0.565,-5.7823
0.598,-7.2813
0.632,-8.1583
0.665,-8.7107
0.698,-9.1399
0.731,-9.2578
0.765,-9.1333
0.798,-8.7393
0.834,-8.0972
0.871,-7.2571
0.898,-6.1588
0.932,-4.566
0.965,-3.1467
0.998,-1.5898
1.032,-0.0155
1.065,1.5725
1.097,3.1477
1.132,4.5871
1.165,6.0844
1.198,7.5119
1.231,8.4112
1.265,9.0654
1.298,9.4318
1.334,9.4851
1.365,9.3253
1.398,8.8272
1.431,8.0337
1.465,7.0306
1.498,5.5143
1.531,3.7151
1.564,2.1717
1.597,0.575
1.631,-1.0163
1.665,-2.5937
1.698,-4.1281
1.732,-5.4819
1.765,-6.8672
1.799,-7.8622
1.832,-8.5339
1.864,-8.8949
1.898,-9.1151
1.931,-9.087
1.965,-8.8171
1.998,-8.237
2.031,-7.5003
2.065,-6.4373
2.097,-4.9361
2.131,-3.5591
2.165,-2.0114
2.191,-0.4372
2.231,1.1629
2.265,2.7396
2.298,4.2584
2.332,5.5793
2.365,7.205
2.398,8.1625
2.432,8.8374
2.465,9.3165
2.498,9.4576
2.532,9.3731
2.564,8.9752
2.597,8.2892
2.632,7.3402
2.665,6.1604
2.698,4.3792
2.731,2.8902
2.764,1.3054
2.798,-0.3029
2.831,-1.8932
2.866,-3.4406
2.899,-4.8495
2.931,-5.8528
2.965,-6.9068
2.999,-7.6857
3.031,-8.1925
3.065,-8.5222
3.098,-8.581
3.131,-8.382
3.169,-7.8887
3.198,-7.1644
3.231,-6.2319
3.265,-5.2526
3.297,-3.9254
3.332,-2.4312
3.365,-0.874
3.398,0.7007
3.432,2.2769
3.465,3.7951
3.498,5.1781
3.566,6.4133
3.6,7.4307
3.632,8.1073
3.665,8.5479
3.698,8.6635
3.731,8.4786
3.765,8.0058
3.799,7.2326
3.831,6.1641
3.865,4.8921
3.898,3.4444
3.932,1.8689
3.965,0.2602
3.998,-1.3182
4.032,-2.8829
4.065,-4.3296
4.098,-5.7445
4.132,-7.1511
4.165,-8.0133
4.198,-8.6483
4.232,-9.0506
4.265,-9.1665
4.298,-9.0524
4.331,-8.6563
4.364,-7.9997
4.398,-7.1501
4.432,-5.8841
4.465,-4.3144
4.5,-2.895
4.531,-1.3629
4.565,0.1992
4.597,1.7874
4.631,3.3427
4.665,4.775
4.698,6.181
4.732,7.6567
4.765,8.4993
4.798,9.1411
4.832,9.5077
4.865,9.5611
4.898,9.4013
4.932,8.8907
4.965,8.117
4.998,7.1155
5.031,5.7167
5.065,4.0047
5.098,2.4662
5.131,0.882
5.164,-0.7258
5.198,-2.3034
5.231,-3.8426
5.265,-5.3136
5.332,-6.4677
5.365,-7.4123
5.398,-8.0242
5.431,-8.4163
5.464,-8.5131
5.498,-8.3392
5.531,-7.8563
5.565,-7.1827
5.598,-6.1586
5.632,-4.7448
5.665,-3.3781
5.698,-1.8433
5.731,-0.2655
5.765,1.3138
5.798,2.8813
5.831,4.3627
5.869,5.7073
5.898,7.3189
5.932,8.2754
5.965,8.9232
5.998,9.388
6.031,9.5137
6.065,9.4131
6.098,8.9986
6.131,8.3251
6.165,7.4012
6.199,6.1873
6.234,4.4932
6.265,3.0041
6.298,1.4163
6.331,-0.1919
6.365,-1.7698
6.403,-3.3093
6.429,-4.6934
6.465,-5.9945
6.498,-7.2002
6.531,-7.9795
6.565,-8.5705
6.598,-8.9002
6.632,-8.922
6.665,-8.7229
6.698,-8.2421
6.732,-7.6172
6.765,-6.6776
6.798,-5.4101
6.832,-3.9313
6.865,-2.4246
6.897,-0.8754
6.932,0.7158
6.965,2.2703
6.999,3.8012
7.032,5.1965
7.099,6.5274
7.132,7.7657
7.167,8.4268
7.199,8.8549
7.232,8.9613
7.265,8.7786
7.298,8.2894
7.332,7.5901
7.365,6.5288
7.398,5.2204
7.432,3.7809
7.465,1.9777
7.497,0.3815
7.531,-1.2008
7.564,-2.7563
7.599,-4.1929
7.632,-5.5534
7.665,-7.1299
7.699,-8.014
7.731,-8.6395
7.765,-9.0563
7.799,-9.1868
7.832,-9.0748
7.865,-8.6769
7.899,-8.035
7.932,-7.2002
7.965,-6.04
7.998,-4.3764
8.032,-2.957
8.065,-1.4249
8.098,0.1371
8.132,1.7253
8.165,3.2806
8.198,4.7129
8.232,6.1372
8.265,7.5559
8.299,8.4477
8.331,9.0895
8.365,9.456
8.399,9.5219
8.432,9.3622
8.465,8.8515
8.498,8.0796
8.522,7.0775
8.565,5.6605
8.599,4.0059
8.631,2.4674
8.664,0.8956
8.698,-0.6997
8.731,-2.2648
8.765,-3.7791
8.799,-5.113
8.865,-6.2738
8.899,-7.2177
8.932,-7.8172
8.964,-8.2094
8.999,-8.3062
9.032,-8.1447
9.065,-7.6742
9.099,-6.9953
9.132,-5.9962
9.165,-4.7181
9.199,-3.3486
9.231,-1.8292
9.267,-0.2799
9.298,1.2954
9.332,2.8503
9.365,4.5638
9.398,6.0455
9.432,7.7164
9.465,8.6533
9.498,9.5087
9.532,9.9695
9.565,10.1057
9.598,10.017
9.631,9.6182
9.665,8.9555
9.698,7.8203
9.732,6.4704
9.765,4.6998
9.798,3.2334
9.832,1.4536
9.865,-0.1314
9.898,-1.6864
9.931,-3.2154
9.965,-4.6047
9.999,-5.9452
10.032,-7.1714
10.065,-7.9331
10.099,-8.5063
10.132,-8.8091
10.165,-8.8432
10.199,-8.6579
10.232,-8.1927
10.266,-7.4812
10.298,-6.548
10.332,-5.2951
10.365,-3.8189
10.398,-2.347
10.432,-0.8207
10.465,0.7187
10.489,2.2628
10.532,3.7708
10.565,5.1567
10.633,6.3751
10.665,7.3538
10.698,8.0648
10.732,8.49
10.765,8.6049
10.798,8.4212
10.832,7.9516
10.865,7.2565
10.898,6.2149
10.932,4.9426
10.965,3.5254
10.998,1.9979
11.032,0.4249
11.065,-1.1305
11.098,-2.6723
11.132,-4.0968
11.165,-5.4485
11.198,-6.8902
11.232,-7.7684
11.268,-8.4045
11.298,-8.8062
11.332,-8.9359
11.365,-8.837
11.399,-8.4581
11.432,-7.8205
11.466,-6.991
11.498,-5.8383
11.532,-4.3095
11.565,-2.8975
11.598,-1.3726
11.631,0.1702
11.666,1.727
11.698,3.2764
11.732,4.6865
11.765,5.9738
11.798,7.4029
11.832,8.2887
11.865,8.9261
11.899,9.2754
11.932,9.3254
11.965,9.1534
11.998,8.6545
12.032,7.9565
12.065,6.9716
12.099,5.6915
12.131,4.0277
12.165,2.4996
12.198,0.9384
12.232,-0.6336
12.265,-2.1881
12.299,-3.6824
12.332,-5.1031
12.399,-6.317
12.436,-7.2401
12.465,-7.8232
12.499,-8.2126
12.532,-8.2964
12.565,-8.1237
12.599,-7.6564
12.632,-6.9821
12.665,-5.9898
12.698,-4.6283
12.732,-3.2785
12.765,-1.7788
12.798,-0.2489
12.831,1.3198
12.865,2.8563
12.898,4.3154
12.932,5.779
12.965,7.2689
12.998,8.1937
13.032,9.0634
13.065,9.5124
13.098,9.6372
13.132,9.5528
13.168,9.1412
13.198,8.4678
13.232,7.5705
13.265,6.2367
13.298,4.6457
13.332,3.1919
13.365,1.416
13.398,-0.1564
13.432,-1.6989
13.465,-3.2309
13.499,-4.6056
13.531,-5.8278
13.565,-7.0069
13.598,-7.7686
13.632,-8.3418
13.665,-8.6446
13.699,-8.6879
13.732,-8.5026
13.765,-8.0374
13.799,-7.3259
13.832,-6.3927
13.865,-5.1928
13.899,-3.7627
13.932,-2.2909
13.965,-0.7646
13.999,0.7749
14.032,2.3158
14.066,3.8238
14.099,5.211
14.166,6.6018
14.199,7.5805
14.231,8.2385
14.265,8.6638
14.298,8.7786
14.335,8.5949
14.365,8.1253
14.399,7.3698
14.432,6.3282
14.465,5.0642
14.498,3.4748
14.532,1.9472
14.565,0.3866
14.598,-1.1688
14.632,-2.6858
14.665,-4.0857
14.698,-5.4923
14.731,-6.7746
14.765,-7.6281
14.798,-8.2617
14.832,-8.651
14.867,-8.7684
14.894,-8.6819
14.932,-8.2906
14.965,-7.6654
14.999,-6.8423
15.032,-5.6348
15.065,-4.205
15.099,-2.8199
15.132,-1.3103
15.164,0.2165
15.199,1.7568
15.232,3.3017
15.268,4.7119
15.298,6.0197
15.332,7.3504
15.365,8.2236
15.399,8.8485
15.432,9.2125
15.465,9.278
15.499,9.1318
15.532,8.6495
15.565,7.8935
15.599,6.918
15.632,5.6051
15.665,4.0338
15.698,2.5431
15.732,0.9945
15.765,-0.574
15.798,-2.1287
15.832,-3.6283
15.866,-4.9486
15.932,-6.0951
15.966,-7.0278
15.998,-7.6068
16.035,-7.9963
16.065,-8.1019
16.099,-7.9169
16.132,-7.4642
16.165,-6.7834
16.199,-5.7896
16.232,-4.544
16.265,-3.2008
16.299,-1.7039
16.332,-0.1814
16.365,1.371
16.398,2.9
16.432,4.3467
16.465,5.6467
16.498,7.297
16.532,8.2161
16.565,8.8651
16.598,9.316
16.632,9.4438
16.665,9.3598
16.699,8.9522
16.732,8.2833
16.765,7.3657
16.798,6.1941
16.832,4.4252
16.865,2.9712
16.899,1.4096
16.932,-0.147
16.965,-1.7019
16.999,-3.2305
17.032,-4.6052
17.065,-5.5334
17.099,-6.5682
17.132,-7.3175
17.165,-7.8757
17.199,-8.1908
17.222,-8.2247
17.265,-8.0552
17.299,-7.5901
17.332,-6.9567
17.365,-6.0236
17.399,-5.0999
17.432,-3.8186
17.464,-2.359
17.499,-0.8493
17.532,0.6902
17.565,2.2484
17.602,3.7718
17.632,5.1277
17.699,6.4064
17.732,7.3991
17.765,8.0267
17.799,8.4642
17.832,8.5666
17.865,8.3829
17.899,7.9133
17.932,7.1404
17.966,6.0651
17.999,4.7727
18.032,3.3854
18.065,1.8344
18.099,0.274
18.131,-1.2689
18.165,-2.7816
18.199,-4.1938
18.232,-5.4472
18.265,-6.9434
18.298,-7.7785
18.332,-8.3647
18.365,-8.7787
18.398,-8.8865
18.432,-8.7753
18.465,-8.3964
18.498,-7.8826
18.532,-7.0659
18.565,-6.0238
18.598,-4.3925
18.632,-3.0197
18.665,-1.5103
18.699,0.0164
18.732,1.5443
18.765,3.0518
18.799,4.4492
18.831,5.9221
18.865,7.453
18.899,8.3259
18.932,8.9506
18.965,9.302
18.999,9.3549
19.032,9.2087
19.065,8.7265
19.098,8.0478
19.132,7.0779
19.165,5.7004
19.198,3.8471
19.232,2.3565
19.265,0.8328
19.298,-0.6983
19.332,-2.228
19.366,-3.7275
19.398,-5.0353
19.466,-6.2219
19.499,-7.1351
19.532,-7.6991
19.565,-8.0004
19.599,-8.0936
19.632,-7.9333
19.665,-7.4929
19.7,-6.8304
19.732,-5.8425
19.766,-4.6723
19.798,-3.3537
19.832,-1.8816
19.865,-0.38
19.899,1.1598
19.932,2.6886
19.966,4.1226
19.999,5.674
20.032,7.1511
20.065,8.0711
20.098,8.7828
20.132,9.2336
20.165,9.3737
20.198,9.3021
20.232,8.9194
20.266,8.2383
20.299,7.3333
20.332,5.9109
20.365,4.3335
20.399,2.8845
20.432,1.3355
20.465,-0.2121
20.499,-1.7545
20.532,-3.2543
20.565,-4.6167
20.599,-5.7965
20.632,-6.8363
20.665,-7.5862
20.699,-8.1567
20.732,-8.4594
20.765,-8.4933
20.799,-8.3204
20.832,-7.8552
20.865,-7.2346
20.899,-6.3137
20.932,-5.1268
20.965,-3.8157
20.998,-2.3562
21.031,-0.8341
21.065,0.6929
21.098,2.2213
21.132,3.7168
21.165,5.0727
21.233,6.5799
21.265,7.5586
21.299,8.1871
21.332,8.5997
21.365,8.7021
21.399,8.5184
21.432,8.0612
21.465,7.3779
21.5,6.3304
21.533,5.0883
21.565,3.4566
21.599,1.9166
21.636,0.3438
21.665,-1.1989
21.699,-2.7282
21.732,-4.1528
21.765,-5.332
21.798,-6.6775
21.835,-7.525
21.865,-8.1737
21.898,-8.5877
21.932,-8.705
21.965,-8.5937
21.999,-8.2148
22.032,-7.7014
22.066,-6.8902
22.099,-5.9347
22.132,-4.526
22.166,-3.1533
22.198,-1.644
22.232,-0.1174
22.265,1.4103
22.299,2.9176
22.332,4.3149
22.366,5.7916
22.398,7.2391
22.431,8.1117
22.465,8.7363
22.499,9.0875
22.531,9.1529
22.569,8.9568
22.598,8.4746
22.632,7.7313
22.665,6.7593
22.699,5.3775
22.732,3.7137
22.765,2.2233
22.798,0.7122
22.832,-0.8064
22.865,-2.3237
22.898,-3.7486
22.932,-5.0365
22.999,-6.1505
23.032,-7.0492
23.065,-7.5958
23.098,-7.9606
23.132,-8.0444
23.166,-7.884
23.199,-7.4437
23.233,-6.7935
23.266,-5.818
23.298,-4.587
23.333,-3.2484
23.354,-1.764
23.398,-0.2499
23.432,1.2652
23.465,2.7848
23.499,4.2188
23.531,5.5236
23.565,7.1477
23.599,8.0309
23.632,8.6233
23.665,9.0241
23.698,9.1218
23.736,9.0126
23.765,8.6124
23.798,7.9339
23.832,7.0265
23.865,5.8571
23.898,4.1564
23.932,2.7871
23.965,1.3384
23.999,-0.1446
24.032,-1.599
24.065,-3.0286
24.099,-4.3223
24.132,-5.3292
24.165,-6.2879
24.198,-6.9941
24.232,-7.5328
24.265,-7.8348
24.298,-7.8821
24.332,-7.6928
24.365,-7.2708
24.398,-6.6847
24.435,-5.7966
24.465,-4.7819
24.499,-3.5632
24.532,-2.1764
24.565,-0.7375
24.599,0.714
24.632,2.1579
24.665,3.5673
24.698,4.8712
24.765,6.0985
24.798,7.0187
24.832,7.6079
24.865,8.0067
24.899,8.1077
24.935,7.922
24.965,7.4854
24.998,6.843
25.032,5.8568
25.065,4.5822
25.099,3.2482
25.132,1.7845
25.165,0.3249
25.198,-1.1333
25.232,-2.578
25.265,-3.9215
25.298,-5.1946
25.332,-6.6905
25.365,-7.508
25.398,-8.0304
25.432,-8.4152
25.465,-8.5277
25.498,-8.4448
25.532,-8.0936
25.566,-7.5963
25.601,-6.8137
25.638,-5.7447
25.655,-4.1756
25.699,-2.8581
25.732,-1.4165
25.765,0.0381
25.798,1.5062
25.832,2.955
25.865,4.2941
25.899,5.6866
25.932,7.0015
25.968,7.8378
25.999,8.4351
26.032,8.7733
26.065,8.8243
26.099,8.6595
26.132,8.1952
26.165,7.5448
26.199,6.6133
26.232,5.3177
26.265,3.7901
26.299,2.3737
26.331,0.9136
26.365,-0.5608
26.399,-2.0179
26.432,-3.41
26.466,-4.7354
26.532,-5.8691
26.566,-6.742
26.599,-7.2889
26.632,-7.6503
26.665,-7.7543
26.699,-7.5889
26.732,-7.1649
26.765,-6.5424
26.799,-5.6195
26.832,-4.4276
26.865,-3.1697
26.899,-1.7563
26.932,-0.314
26.965,1.1416
26.999,2.6019
27.032,3.9642
27.065,5.2112
27.099,6.6873
27.131,7.5733
27.165,8.2432
27.199,8.6733
27.232,8.8048
27.265,8.7211
27.298,8.3507
27.332,7.7177
27.366,6.8506
27.399,5.728
27.432,4.1683
27.465,2.799
27.499,1.3385
27.532,-0.1445
27.566,-1.5989
27.599,-3.0285
27.632,-4.3222
27.666,-5.3117
27.699,-6.4224
27.732,-7.1168
27.766,-7.6516
27.799,-7.9418
27.834,-7.9625
27.869,-7.7732
27.899,-7.3394
27.932,-6.7362
27.964,-5.848
27.999,-4.9306
28.032,-3.5599
28.065,-2.2205
28.099,-0.7855
28.132,0.6542
28.165,2.0953
28.199,3.5047
28.232,4.781
28.299,5.9921
28.332,6.9002
28.365,7.5693
28.398,7.9767
28.432,8.1223
28.465,7.9463
28.499,7.5083
28.533,6.7963
28.569,5.8279
28.599,4.629
28.632,3.306
28.665,1.857
28.699,0.3972
28.732,-1.0577
28.765,-2.5114
28.798,-3.8411
28.832,-5.1993
28.866,-6.5107
28.898,-7.3225
28.931,-7.8888
28.966,-8.2737
28.999,-8.3888
29.032,-8.3178
29.066,-7.9666
29.099,-7.3676
29.132,-6.591
29.166,-5.4236
29.199,-3.9827
29.232,-2.6908
29.265,-1.2679
29.299,0.1595
29.332,1.6236
29.365,3.086
29.399,4.4087
29.432,5.6276
29.465,6.837
29.499,7.6495
29.532,8.248
29.565,8.5846
29.599,8.6353
29.62,8.4833
29.666,8.0094
29.699,7.2793
29.732,6.3559
29.766,5.1147
29.799,3.675
29.831,2.2588
29.865,0.7987
29.899,-0.6686
29.932,-2.1226
29.965,-3.512
29.999,-4.7416
30.066,-5.8048
30.099,-6.6694
30.132,-7.1988
30.165,-7.5602
30.199,-7.6524
30.232,-7.4869
30.265,-7.065
30.299,-6.4426
30.333,-5.5196
30.366,-4.41
30.398,-3.1583
30.432,-1.7475
30.466,-0.3203
30.499,1.1196
30.532,2.5638
30.565,3.9261
30.599,5.3147
30.632,6.8033
30.666,7.6608
30.699,8.3186
30.731,8.7505
30.766,8.8608
30.799,8.7923
30.832,8.4137
30.866,7.7849
30.898,6.9512
30.932,5.6856
30.966,4.0
30.999,2.6593
31.032,1.2227
31.065,-0.2603
31.099,-1.7027
31.132,-3.1164
31.165,-4.3862
31.199,-5.6652
31.232,-6.7529
31.266,-7.4473
31.299,-7.8689
31.332,-8.1709
31.365,-8.2152
31.399,-8.0377
31.432,-7.6156
31.466,-7.0449
31.496,-6.1744
31.532,-4.9794
31.566,-3.6767
31.604,-2.3611
31.631,-0.9499
31.665,0.4897
31.699,1.9306
31.732,3.3398
31.765,4.6271
31.832,5.8252
31.865,6.7389
31.899,7.4197
31.932,7.8269
31.965,7.9843
31.999,7.8083
32.032,7.3703
32.066,6.6958
32.099,5.7215
32.132,4.4597
32.166,3.1544
32.199,1.7174
32.232,0.2459
32.266,-1.2088
32.299,-2.6506
32.332,-3.9564
32.366,-5.1851
32.399,-6.4998
32.432,-7.2937
32.466,-7.7964
32.499,-8.1694
32.532,-8.2845
32.565,-8.1898
32.599,-7.8386
32.632,-7.2396
32.666,-6.4803
32.698,-5.4423
32.732,-4.0235
32.765,-2.7317
32.799,-1.3059
32.832,0.1216
32.866,1.5738
32.899,3.0183
32.932,4.3454
32.965,5.5755
32.999,6.931
33.032,7.7553
33.065,8.3418
33.099,8.6664
33.132,8.7142
33.165,8.5622
33.199,8.1002
33.238,7.4485
33.268,6.53
33.298,5.2943
33.333,3.7258
33.366,2.3214
33.398,0.8733
33.432,-0.5854
33.465,-2.0394
33.499,-3.4289
33.536,-4.6629
33.565,-6.1052
33.598,-6.9871
33.632,-7.5726
33.665,-8.0009
33.698,-8.1689
33.732,-8.1177
33.766,-7.8181
33.799,-7.3584
33.833,-6.6397
33.865,-5.6287
33.898,-4.0997
33.932,-2.8434
33.965,-1.4295
33.999,0.0012
34.032,1.4573
34.065,2.8899
34.099,4.2668
34.132,5.5923
34.165,6.9649
34.198,7.8141
34.233,8.3874
34.265,8.7956
34.298,8.9033
34.332,8.8315
34.365,8.4371
34.399,7.8082
34.432,6.9707
34.466,5.8663
34.499,4.2945
34.532,2.9488
34.565,1.4999
34.599,0.0406
34.632,-1.4141
34.666,-2.8439
34.699,-4.114
34.733,-5.2938
34.765,-6.2754
34.799,-6.9955
34.832,-7.4442
34.865,-7.7464
34.899,-7.779
34.932,-7.6016
34.965,-7.156
34.999,-6.5053
35.037,-5.6211
35.067,-4.5135
35.099,-3.3279
35.132,-2.0002
35.168,-0.57
35.198,0.8735
35.232,2.3148
35.265,3.7244
35.298,4.993
35.366,6.1274
35.399,7.028
35.432,7.6854
35.465,8.0809
35.499,8.2266
35.532,8.0475
35.565,7.5939
35.6,6.87
35.632,5.8914
35.665,4.6671
35.698,3.3496
35.732,1.8977
35.765,0.4379
35.799,-1.0053
35.832,-2.4472
35.865,-3.7652
35.899,-4.8593
35.932,-6.1088
35.966,-6.9107
35.999,-7.4557
36.032,-7.8288
36.066,-7.9296
36.099,-7.835
36.132,-7.4838
36.166,-6.8848
36.199,-6.1178
36.232,-5.2145
36.266,-3.8236
36.298,-2.5435
36.332,-1.1324
36.365,0.3106
36.398,1.7551
36.432,3.1761
36.465,4.4916
36.498,5.7377
36.532,7.1783
36.565,7.9908
36.599,8.5656
36.632,8.9022
36.665,8.953
36.699,8.7379
36.732,8.2719
36.766,7.5715
36.799,6.6609
36.819,5.4193
36.865,3.758
36.899,2.3655
36.931,0.9292
36.966,-0.5179
36.999,-1.9364
37.032,-3.2666
37.065,-4.4772
37.133,-5.5331
37.166,-6.3916
37.199,-6.9359
37.232,-7.2856
37.265,-7.3778
37.299,-7.2006
37.332,-6.7766
37.366,-6.1697
37.399,-5.2509
37.432,-4.0833
37.465,-2.8388
37.499,-1.4516
37.532,-0.0242
37.566,1.4042
37.598,2.8247
37.632,4.1635
37.666,5.5221
37.699,7.123
37.732,7.9731
37.766,8.554
37.799,8.9621
37.835,9.0844
37.865,9.004
37.899,8.6254
37.932,8.0204
37.965,7.1779
37.999,5.9571
38.032,4.2763
38.066,2.9472
38.099,1.5221
38.132,0.0748
38.165,-1.356
38.199,-2.7581
38.232,-4.0046
38.266,-5.062
38.299,-6.1424
38.332,-6.8503
38.367,-7.3891
38.399,-7.6794
38.432,-7.7149
38.466,-7.5257
38.499,-7.0919
38.536,-6.4381
38.565,-5.5834
38.599,-4.542
38.632,-3.201
38.671,-1.897
38.697,-0.4817
38.716,0.9345
38.766,2.3429
38.799,3.7287
38.832,5.1789
38.9,6.6079
38.933,7.5052
38.966,8.0856
38.999,8.447
39.032,8.5957
39.066,8.4317
39.102,7.9969
39.132,7.2882
39.165,6.3021
39.2,4.9013
39.233,3.2734
39.265,1.8599
39.299,0.424
39.332,-0.9834
39.366,-2.4016
39.399,-3.7284
39.432,-4.8712
39.466,-6.3264
39.499,-7.1058
39.532,-7.6409
39.566,-8.014
39.598,-8.1292
39.632,-8.0346
39.666,-7.6952
39.699,-7.126
39.732,-6.3578
39.766,-5.4059
39.799,-3.7856
39.832,-2.4766
39.865,-1.0891
39.899,0.3266
39.932,1.7553
39.966,3.1643
39.999,4.468
40.032,5.8002
40.065,7.457
40.098,8.2575
40.132,8.8204
40.165,9.1162
40.199,9.1789
40.232,8.9791
40.266,8.5319
40.299,7.8501
40.332,6.953
40.366,5.6248
40.399,3.758
40.432,2.3774
40.465,0.9529
40.499,-0.4789
40.532,-1.8975
40.565,-3.2158
40.602,-4.389
40.666,-5.4279
40.699,-6.288
40.732,-6.8139
40.765,-7.1754
40.799,-7.2559
40.832,-7.0905
40.865,-6.6686
40.899,-6.0602
40.936,-5.1436
40.965,-4.0301
40.999,-2.8056
41.033,-1.4302
41.065,-0.0266
41.1,1.3898
41.132,2.7866
41.165,4.1134
41.199,5.4606
41.232,7.0261
41.27,7.8545
41.302,8.4374
41.318,8.8298
41.366,8.9521
41.401,8.8716
41.416,8.5096
41.466,7.9143
41.499,7.0725
41.532,5.8462
41.566,4.1757
41.599,2.8587
41.632,1.4338
41.666,-0.0016
41.699,-1.4205
41.732,-2.787
41.766,-4.0381
41.799,-5.2394
41.832,-6.2679
41.865,-6.9602
41.899,-7.4753
41.932,-7.7656
41.966,-7.7983
41.999,-7.6208
42.032,-7.1989
42.065,-6.5568
42.099,-5.7058
42.132,-4.5914
42.165,-3.3161
42.199,-2.024
42.232,-0.6205
42.266,0.7955
42.299,2.201
42.332,3.5747
42.365,5.0212
42.433,6.3137
42.466,7.1996
42.499,7.8498
42.532,8.2333
42.565,8.3788
42.599,8.2197
42.632,7.7817
42.666,7.1395
42.699,6.1724
42.733,4.7934
42.766,3.2989
42.798,1.8974
42.833,0.4734
42.869,-0.9458
42.884,-2.3402
42.932,-3.6633
42.966,-4.7966
42.999,-6.1795
43.032,-6.9569
43.066,-7.5133
43.099,-7.8864
43.132,-8.0016
43.153,-7.9188
43.199,-7.5676
43.232,-7.0041
43.248,-6.2356
43.299,-5.2812
43.333,-3.8147
43.366,-2.5426
43.399,-1.1434
43.432,0.2723
43.466,1.6891
43.499,3.0861
43.532,4.3658
43.565,5.6743
43.582,6.8848
43.632,7.6853
43.648,8.2599
43.699,8.5807
43.732,8.6314
43.748,8.4554
43.799,8.0053
43.833,7.3051
43.866,6.3974
43.899,5.0871
43.936,3.5418
43.95,2.1612
43.999,0.7369
44.032,-0.6862
44.066,-2.1047
44.099,-3.4584
44.132,-4.6117
44.2,-5.6557
44.232,-6.4812
44.269,-7.0074
44.283,-7.2563
44.332,-7.3485
44.365,-7.1831
44.381,-6.7697
44.433,-6.167
44.466,-5.2524
44.499,-4.1475
44.532,-2.9031
44.565,-1.5396
44.601,-0.1241
44.615,1.3079
44.666,2.7165
44.699,4.0551
44.733,5.3773
44.766,6.8472
44.799,7.6939
44.832,8.2802
44.866,8.6882
44.899,8.8223
44.932,8.718
44.948,8.3357
44.999,7.7307
45.033,6.8756
45.066,5.6861
45.099,4.1286
45.132,2.7953
45.166,1.3586
45.199,-0.0887
45.232,-1.5194
45.266,-2.9133
45.298,-4.1597
45.315,-5.3841
45.366,-6.2824
45.381,-6.9864
45.434,-7.5015
45.466,-7.78
45.485,-7.8008
45.533,-7.6115
45.566,-7.1777
45.599,-6.5201
45.632,-5.652
45.648,-4.5116
45.699,-3.3533
45.732,-2.0494
45.748,-0.6459
45.799,0.782
45.832,2.1875
45.866,3.5612
45.899,4.8297
45.967,5.945
45.999,6.8257
46.032,7.4828
46.066,7.8663
46.082,8.0237
46.133,7.8477
46.165,7.4097
46.199,6.7216
46.232,5.7803
46.248,4.5376
46.299,3.2441
46.333,1.8426
46.366,0.4186
46.381,-0.9889
46.432,-2.3952
46.448,-3.7013
46.499,-4.8273
46.532,-6.0798
46.565,-6.8831
46.599,-7.386
46.615,-7.7355
46.666,-7.839
46.682,-7.7443
46.733,-7.3932
46.766,-6.8179
46.782,-6.0319
46.833,-5.0966
46.865,-3.7027
46.882,-2.3914
46.935,-0.989
46.95,0.4064
46.999,1.8272
47.032,3.2244
47.065,4.5219
47.082,5.7819
47.132,7.0731
47.148,7.889
47.199,8.4638
47.215,8.7452
47.265,8.7931
47.299,8.59
47.315,8.136
47.368,7.4356
47.4,6.5144
47.415,5.2411
47.466,3.7221
47.499,2.3262
47.532,0.9016
47.565,-0.5182
47.582,-1.9368
47.633,-3.2433
47.666,-4.4539
47.733,-5.482
47.766,-6.3235
47.798,-6.8382
47.815,-7.1998
47.866,-7.2802
47.899,-7.1149
47.932,-6.693
47.948,-6.0846
47.999,-5.176
48.015,-4.0855
48.066,-2.857
48.099,-1.4908
48.132,-0.0839
48.148,1.3363
48.199,2.745
48.215,4.0718
48.266,5.2837
48.281,6.7648
48.316,7.5939
48.366,8.2401
48.399,8.6482
48.432,8.7797
48.465,8.684
48.484,8.3137
48.533,7.6967
48.566,6.8535
48.581,5.7621
48.633,4.1877
48.665,2.8663
48.681,1.4414
48.733,-0.0028
48.767,-1.4099
48.799,-2.7764
48.817,-4.0111
48.866,-5.152
48.899,-6.3196
48.915,-7.0115
48.966,-7.5228
48.999,-7.8013
49.015,-7.8222
49.066,-7.648
49.099,-7.226
49.132,-6.584
49.151,-5.7219
49.182,-4.5819
49.233,-3.1662
49.248,-1.874
49.299,-0.4861
49.332,0.9181
49.348,2.3119
49.399,3.6856
49.415,4.9257
49.499,6.0052
49.532,6.8682
49.548,7.4423
49.599,7.8258
49.632,7.9832
49.648,7.8072
49.7,7.3692
49.733,6.6811
49.748,5.7398
49.799,4.5124
49.832,3.2427
49.848,1.8412
49.899,0.429
49.923,-0.9784
49.949,-2.3692
49.999,-3.6517
50.015,-4.7943
50.066,-6.0662
50.099,-6.8459
50.132,-7.3357
50.148,-7.6971
50.199,-7.8005
50.215,-7.7177
50.266,-7.3665
50.299,-6.8069
50.315,-6.0446
50.366,-5.0809
50.382,-3.6676
50.433,-2.4111
50.465,-1.0234
50.482,0.3687
50.532,1.7856
50.548,3.1708
50.6,4.4507
50.635,5.6234
50.649,6.9113
50.699,7.6998
50.715,8.2626
50.766,8.5753
50.798,8.6261
50.815,8.4263
50.866,7.9762
50.882,7.2878
50.933,6.3864
50.966,5.2173
50.982,3.7018
51.032,2.3473
51.048,0.9348
51.099,-0.485
51.133,-1.9036
51.148,-3.1983
51.199,-4.3812
51.266,-5.3976
51.3,-6.2325
51.335,-6.7642
51.349,-7.1257
51.4,-7.2176
51.432,-7.0522
51.448,-6.6303
51.5,-6.0049
51.532,-5.1084
51.548,-3.9779
51.6,-2.7612
51.632,-1.3827
51.648,0.021
51.7,1.4375
51.732,2.8555
51.748,4.1823
51.799,5.3601
51.833,6.8767
51.866,7.7181
51.882,8.2967
51.933,8.7048
51.949,8.8152
52.002,8.7347
52.033,8.3681
52.047,7.7392
52.099,6.8959
52.115,5.8566
52.166,4.2415
52.199,2.9318
52.215,1.5187
52.266,0.0981
52.302,-1.309
52.316,-2.6757
52.366,-3.8945
52.382,-4.8494
52.433,-5.7588
52.466,-6.4451
52.482,-6.9566
52.532,-7.247
52.548,-7.2797
52.599,-7.0936
52.632,-6.6599
52.648,-6.0178
52.7,-5.1541
52.733,-4.1875
52.748,-3.0181
52.8,-1.7376
52.815,-0.3615
52.866,1.0465
52.9,2.4402
52.915,3.7905
52.966,5.0048
53.032,6.0839
53.048,6.9294
53.099,7.4909
53.115,7.8625
53.166,8.008
53.199,7.8518
53.215,7.3983
53.266,6.7102
53.282,5.7571
53.336,4.6318
53.35,3.3508
53.399,1.9587
53.415,0.5465
53.466,-0.8491
53.482,-2.2437
53.533,-3.5459
53.548,-4.6178
53.6,-5.8933
53.615,-6.6732
53.666,-7.2395
53.699,-7.6008
53.718,-7.6901
53.766,-7.5955
53.799,-7.2443
53.815,-6.6691
53.866,-5.9068
53.881,-5.0139
53.932,-3.5956
53.954,-2.3369
53.999,-0.9701
54.016,0.4254
54.066,1.8226
54.082,3.2123
54.133,4.4804
54.148,5.7052
54.199,6.8832
54.215,7.6718
54.266,8.2332
54.281,8.5474
54.332,8.5983
54.348,8.4219
54.399,7.9696
54.415,7.2649
54.466,6.3618
54.482,5.1295
54.532,3.7238
54.548,2.379
54.599,0.9665
54.615,-0.4484
54.665,-1.8463
54.684,-3.1835
54.733,-4.4533
54.799,-5.4738
54.815,-6.2923
54.866,-6.8128
54.882,-7.1743
54.933,-7.2666
54.948,-7.0777
54.999,-6.6656
55.018,-6.0519
55.066,-5.1394
55.081,-3.9913
55.133,-2.7686
55.148,-1.414
55.199,-0.0308
55.215,1.3893
55.266,2.7784
55.282,4.0741
55.333,5.4279
55.365,6.8478
55.381,7.677
55.433,8.3111
55.448,8.6934
55.499,8.8042
55.532,8.7233
55.548,8.3429
55.599,7.7219
55.615,6.8862
55.666,5.6713
55.682,4.1411
55.732,2.8315
55.748,1.4304
55.8,0.0307
55.832,-1.3559
55.848,-2.729
55.899,-3.9537
55.915,-4.9862
55.965,-5.9121
55.982,-6.5976
56.032,-7.1009
56.048,-7.3913
56.099,-7.4268
56.115,-7.2494
56.166,-6.8408
56.181,-6.1837
56.233,-5.3216
56.248,-4.3485
56.299,-3.1729
56.315,-1.902
56.368,-0.5311
56.397,0.8647
56.414,2.2652
56.466,3.6197
56.481,4.8424
56.567,5.9154
56.582,6.7784
56.632,7.4108
56.648,7.7927
56.699,7.9509
56.715,7.7719
56.767,7.3423
56.799,6.6502
56.815,5.7046
56.871,4.5717
56.886,3.2975
56.933,1.9196
56.948,0.5194
56.999,-0.8762
57.015,-2.2738
57.066,-3.5326
57.081,-4.5818
57.133,-5.8833
57.148,-6.6513
57.199,-7.2088
57.215,-7.5584
57.266,-7.6619
57.282,-7.5791
57.333,-7.2279
57.348,-6.6409
57.399,-5.8904
57.415,-5.0201
57.466,-3.5772
57.481,-2.3324
57.533,-0.9646
57.551,0.4157
57.6,1.7971
57.615,3.1823
57.666,4.4384
57.682,5.6546
57.732,6.8381
57.749,7.6266
57.8,8.1773
57.815,8.49
57.866,8.5408
57.884,8.3291
57.933,7.8671
57.965,7.1787
57.981,6.2902
58.033,5.0541
58.048,3.6548
58.1,2.2981
58.115,0.9095
58.166,-0.4867
58.181,-1.8698
58.215,-3.1525
58.266,-4.2649
58.333,-5.2854
58.348,-6.1065
58.405,-6.6145
58.42,-6.9643
58.466,-7.0448
58.482,-6.8677
58.532,-6.4694
58.548,-5.8846
58.6,-4.9932
58.615,-3.9912
58.665,-2.7821
58.682,-1.4303
58.732,-0.0589
58.751,1.3137
58.799,2.6908
58.815,3.9701
58.866,5.2422
58.881,6.7084
58.933,7.5188
58.948,8.1549
58.982,8.5389
59.016,8.6492
59.067,8.5655
59.085,8.1953
59.133,7.5744
59.148,6.7314
59.2,5.5798
59.215,4.0203
59.249,2.7229
59.299,1.3221
59.315,-0.0775
59.366,-1.4726
59.382,-2.8391
59.415,-4.05
59.466,-5.2653
59.482,-6.1459
59.533,-6.826
59.548,-7.3293
59.582,-7.596
59.633,-7.6287
59.648,-7.4513
59.699,-7.0293
59.715,-6.3873
59.765,-5.5428
59.784,-4.3877
59.816,-3.2352
59.866,-1.9548
59.882,-0.5869
59.933,0.7972
59.948,2.1907
59.999,3.5526
60.015,4.9089
60.1,5.9885
60.118,6.8572
60.166,7.5022
60.182,7.8737
60.233,8.0073
60.248,7.8312
60.3,7.3898
60.315,6.7017
60.366,5.7604
60.381,4.4902
60.432,3.2086
60.451,1.8192
60.489,0.419
60.515,-0.9764
60.566,-2.3471
60.582,-3.6177
60.633,-4.6246
60.648,-5.8167
60.699,-6.5964
60.715,-7.1479
60.765,-7.4974
60.782,-7.5773
60.833,-7.4945
60.851,-7.1316
60.9,-6.5446
60.915,-5.7823
60.966,-4.9423
60.982,-3.597
61.033,-2.3215
61.048,-0.9427
61.099,0.4528
61.115,1.838
61.166,3.2113
61.184,4.4834
61.233,5.6364
61.248,6.8785
61.299,7.679
61.315,8.2298
61.366,8.5116
61.382,8.5355
61.432,8.3367
61.448,7.8709
61.499,7.1945
61.518,6.2865
61.566,5.0968
61.582,3.627
61.633,2.2583
61.648,0.8578
61.699,-0.5382
61.715,-1.9092
61.766,-3.2083
61.782,-4.3674
61.866,-5.3838
61.882,-6.2014
61.932,-6.7044
61.948,-7.0424
61.999,-7.1229
62.015,-6.9339
62.066,-6.5238
62.082,-5.9216
62.133,-5.0248
62.148,-3.962
62.2,-2.757
62.217,-1.4144
62.266,-0.0312
62.282,1.3534
62.333,2.7367
62.348,4.016
62.4,5.3739
62.415,6.7819
62.466,7.599
62.481,8.2211
62.533,8.6171
62.551,8.7366
62.588,8.6529
62.616,8.2826
62.666,7.6674
62.682,6.8362
62.733,5.6164
62.748,4.0976
62.799,2.8001
62.815,1.411
62.866,0.0144
62.882,-1.3689
62.933,-2.7354
62.951,-3.9464
63.0,-4.8844
63.015,-5.7819
63.067,-6.4679
63.082,-6.9557
63.133,-7.2225
63.148,-7.2552
63.199,-7.0809
63.215,-6.659
63.266,-6.0184
63.284,-5.1681
63.333,-4.2904
63.348,-3.1328
63.4,-1.8192
63.415,-0.4667
63.466,0.9021
63.482,2.2838
63.532,3.622
63.548,4.8383
63.633,5.9074
63.654,6.7584
63.682,7.3917
63.732,7.7631
63.75,7.8636
