t,s1,s2,s3,s4
0,-0.6343373860792356,-1.0907396438554042,-0.5184750225988529,-1.6145961827736657
1,-1.0556680838939076,-1.1157712444239736,-0.9029197581065107,-1.633440421036755
2,-0.7429789403586766,-1.142643403857881,-0.6482479681822749,-1.6585660720542075
3,-0.8075020969611438,-1.133808721304267,-0.6439831295950055,-1.6352351103951464
4,-1.2757085923075546,-1.0833774083940604,-0.930945840251279,-1.5428086084380879
5,-1.0766243227904397,-1.0995743264090159,-0.8084840465317185,-1.5562687786260097
6,-0.8058476570482727,-1.1139306855586384,-0.6458109175609877,-1.5715236381723197
7,-1.298319271117019,-1.167306892653383,-1.0326927036899327,-1.509606855307884
8,-1.1361841596542932,-1.190497934356617,-0.9882165298514931,-1.5463979871548672
9,-0.6475729053822665,-1.2133208642867837,-0.864536210821289,-1.4710210341025098
10,-0.8885696526925068,-1.1592084336459039,-0.8889067170341266,-1.0438849668058252
11,-1.1251545602350497,-1.0819049613017901,-0.9943091564046771,-0.8114726948943902
12,-0.44021643630073415,-0.9758887706584363,-0.4947137790413202,-0.8007045587440553
13,-0.5245928718578395,-0.9699989822893602,-0.6116922088630016,-0.8303169331574796
14,-0.951438369382164,-0.9482803876783963,-0.9601904477066909,-0.9496637754903785
15,-0.5736745892734271,-0.9239850106559595,-0.6762740503270432,-1.1120831624246237
16,-0.21410964820645728,-0.9140459927831452,-0.4106355326070152,-1.2036123197024833
17,-0.7104416220719237,-0.9044750866833985,-0.7408558917910848,-1.184768081439394
18,-0.8146713365836674,-0.8783391507956263,-0.7524318822421818,-1.0806760986528081
19,-0.4744081945003583,-0.991349465127259,-0.5544215192627875,-1.1766919793266428
20,-0.7413245004457443,-1.073806502294311,-0.8243248755700849,-1.056447792314548
21,-0.8516204946381177,-1.0108593890998199,-0.8925622929660573,-0.9281275031897055
22,-0.5378283911609317,-0.9177271105138184,-0.5867124399948253,-0.7585293588219016
23,-0.6100722673569,-0.9313472461173032,-0.7250150627527184,-0.760324048180293
24,-0.9883875274365531,-0.9512252818629319,-1.0412223808644376,-0.8374956905910383
25,-0.6288225863695832,-0.9515933936359994,-0.7292799013399878,-0.9765841158662191
26,-0.41153947781070116,-0.9795698883891069,-0.49105820310938947,-1.0232460391843445
27,-0.9597105689465812,-0.9990798123616704,-0.8346823407105384,-1.0250407285427359
28,-0.9012536920246215,-0.9541701760474699,-0.8139674104296315,-1.0770867199360288
29,-0.47165079464553217,-0.8908549510799111,-0.6939426673313581,-1.1641291538179166
30,-0.6056604275892026,-0.8742899212918881,-0.9431310933577147,-1.198228251627316
31,-0.9222099309211534,-0.8632465680998712,-1.199021408592594,-1.2197645239279888
32,-0.5665053496509648,-0.825699167247017,-0.7615708220719918,-1.2727078600004775
33,-0.7826854982678919,-0.7299901062495424,-0.7049093951271502,-0.8724921330796331
34,-1.2762600722785322,-0.7248365414266015,-0.835900866021182,-0.610467486754774
35,-1.0683521232260222,-0.9052113102295312,-0.7457299930336592,-0.6777683376943769
36,-0.7821340182969144,-0.9571150702320079,-0.6384997656971263,-0.6571294100728995
37,-1.0992350015998429,-1.0163810656958285,-0.924853213698095,-0.5970073165668522
38,-0.5058425528451563,-0.9696308705162926,-0.47521737407105685,-0.5072728486473806
39,-0.11374029349143351,-0.9471760523591937,-0.2851274256108288,-0.3583136319010574
40,-0.6503303052370927,-1.0023928183192734,-0.7286706386846491,-0.22999334277621158
41,-0.9470265296144667,-1.0126999479651553,-0.9041382834171543,-0.3143437426205157
42,-0.6227563066890146,-1.0193259598803666,-0.6214404113481501,-0.5126569167225481
43,-0.7975754574838553,-0.96889464697016,-0.7372003158591541,-0.6696922355816257
44,-1.0203733657523286,-0.9037388631372634,-0.9084031220044237,-0.7522479460675386
45,-0.5918734283151942,-0.9063156455487338,-0.489230415143441,-1.0869575114071712
46,-0.5830497487797994,-0.9560107349128077,-0.4904489404540846,-1.3014228897347093
47,-1.045741444416558,-0.9990798123616704,-0.7944710054593344,-1.247582208983025
48,-0.8212890962352135,-0.8680320211497445,-0.6324071391439084,-1.0977256475575061
49,-0.7176108616944473,-0.8496264324963837,-0.573308661577746,-1.1300300560085172
50,-0.9558502091498614,-0.8820202685262996,-0.7524318822421818,-0.9317168819064848
51,-0.9668798085690437,-0.8245948319278142,-0.8218878249487978,-0.71455946954136
52,-0.5262473117707108,-0.7701142895138671,-0.41490037119425077,-0.7836550098393541
53,-0.7545600197488364,-0.8238586083816791,-0.5263954371180192,-0.855442584174932
54,-1.084896522354857,-0.8536756620001245,-0.7372003158591541,-0.9541504988863504
55,-0.6288225863695832,-0.8367425204390314,-0.4033243807431538,-1.0627292050689112
56,-0.5582331500864862,-0.84226419703504,-0.5105546080796866,-1.1407981921588524
57,-0.96191648883043,-0.9052113102295312,-0.8901252423447701,-1.191049494193757
58,-0.627168146456712,-0.9210401164714215,-0.6238774619694034,-0.9837628732997779
59,-0.594630828169959,-0.9033707513641958,-0.4867933645221539,-0.9685080137534678
60,-0.912283291443865,-0.9144141045562127,-0.6841944648462095,-1.017861971109177
61,-0.7633836992842311,-0.9111010985986072,-0.6555591200461025,-1.1381061581212686
62,-0.2052859686710625,-0.8860694980300378,-0.3107164571343438,-1.3642370172783402
63,-0.6012485878215051,-0.8319570673891581,-0.5806198134416074,-1.1928441835521484
64,-0.8190831763513647,-0.7811576427058841,-0.6354534524205343,-1.0869575114071712
65,-0.524041391886862,-0.8017719019976477,-0.3155905583769181,-0.9738920818286353
66,-0.6299255463115382,-0.865455238738274,-0.37164272266645476,-1.0600371710313277
67,-0.912283291443865,-0.8993215218604576,-0.6713999490844689,-1.08516282204878
68,-0.43966495632975666,-0.8161282611472678,-0.37468903594304676,-1.031322141297099
69,-0.5201810320901422,-0.8352700733467637,-0.4088077446410329,-1.0142725923923976
70,-1.0275426053748522,-0.9346602520749089,-0.8170137237062235,-0.8303169331574796
71,-0.9415117299048142,-0.9464398288130584,-0.6707906864291641,-0.7082780567869968
72,-0.5444461508124778,-0.9526977289552021,-0.46059507034333397,-0.6634108228272626
73,-0.9045625718504251,-0.991349465127259,-0.8688010494085245,-0.599699350604436
74,-0.8769885733023471,-0.977361217750704,-0.8901252423447701,-0.5081701933265763
75,-0.40657615807208747,-1.0053377125038114,-0.6555591200461025,-0.5664975974742323
76,-0.3343322818761193,-0.980306111935242,-0.6110829462076629,-0.5297064656272493
77,-0.5940793481990428,-1.024847636476375,-0.6957704552973065,-0.48842861038429136
78,-0.18763860960027293,-1.0104912773267525,-0.3320406500705894,-0.7064833674286087
79,-0.45676083542956875,-1.0612907020100264,-0.5465011047436212,-0.7657081162554604
80,-1.1576918785218027,-1.0907396438554042,-1.078387402839016,-0.6131595207923578
81,-1.1626551982604776,-1.0259519717955752,-0.9041382834171543,-0.5979046612460479
82,-0.8659589738831036,-0.9203038929252888,-0.5751364495437282,-0.4902232997426795
83,-1.2646789928883724,-0.8209137141971411,-0.8718473626851504,-0.6598214441104833
84,-1.0700065631388935,-0.8418960852619723,-0.8785492518936732,-0.88146557987158
85,-0.6696321042207535,-0.9221444517906242,-0.8895159796894653,-1.0708053071816657
86,-0.9128347714148425,-0.8533075502270568,-1.1149431621582893,-1.0797787539736126
87,-0.9696372084238698,-0.8349019615736961,-1.1965843579713071,-1.0878548560863637
88,-0.35914888056937117,-0.8514669913617215,-0.6299700885226213,-1.1964335622689277
89,-0.4722022746165096,-0.8279078378854199,-0.5995069557565659,-1.215277800532014
90,-1.0578740037777563,-0.8669276858305418,-0.9084031220044237,-1.1354141240836848
91,-0.7909576978323092,-0.9298747990250356,-0.8084840465317185,-1.050166379560188
92,-0.32661156228261823,-0.9795698883891069,-0.4648599089306034,-1.0878548560863637
93,-0.9172466111825398,-0.9953986946309972,-0.9784683273663445,-0.9164620223601718
94,-0.8830548529829156,-0.9571150702320079,-0.9748127514344138,-0.7944231459896922
95,-0.5477550306382203,-0.8665595740574767,-0.6811481515696175,-0.7217382269749187
96,-0.8814004130700445,-0.8194412671048733,-0.859052846923376,-0.6158515548299416
97,-0.9839756876688557,-0.8315889556160905,-0.9528792958428633,-0.7567346694635135
98,-0.43966495632975666,-0.9144141045562127,-0.5678252976798668,-1.0061964902796465
99,-0.4512460357199776,-0.9317153578903709,-0.6232681993140986,-0.9774814605454147
100,-0.9795638479012195,-0.884965162710835,-0.9151050112129464,-0.9047965415306412
101,-0.7258830612588646,-0.8393193028505018,-0.6994260312292372,-1.007093834958839
102,-0.6707350641627084,-0.8275397261123523,-0.6915056167100709,-1.0618318603897188
103,-1.086550962267728,-0.8282759496584875,-1.190491731418123,-1.1452849155548273
104,-0.9393058100209656,-0.8577248915038627,-1.173432377069113,-1.2080990430984584
105,-0.6630143445692074,-0.8798115978878941,-1.0131962987196355,-1.2233539026447682
106,-0.8494145747542691,-0.8860694980300378,-1.0454872194516733,-1.226045936682352
107,-0.9023566519665764,-0.9376051462594469,-1.011977773408992,-1.1058017496702606
108,-0.43415015662016554,-1.0233751893841048,-0.6951611926420016,-1.0797787539736126
109,-0.5449976307834553,-1.0561371371870856,-0.7658356606592611,-0.9047965415306412
110,-0.9734975682205897,-1.044357560448936,-1.040613118209099,-0.8563399288541276
111,-0.8069506169902275,-1.0859541908055308,-0.9559256091194553,-1.0842654773695874
112,-0.7959210175709841,-1.1154031326509062,-1.0022295709238773,-1.3041149237722929
113,-1.309900350507179,-1.1003105499551509,-1.3568204363207845,-1.4620475873105632
114,-1.1769936775054635,-1.0944207615860748,-1.133221041817909,-1.514093578703856
115,-0.8549293744638602,-1.1422752920848134,-0.8468675938169741,-1.4476900724434487
116,-1.1262575201770046,-1.1555273159152308,-0.9900443178174415,-1.3624423279199491
117,-1.1323237998575733,-1.1558954276882982,-0.9431310933577147,-1.3884653236165971
118,-0.687279463291543,-1.1754053516608618,-0.6031625316884965,-1.481789170252848
119,-0.9718431283077185,-1.1812951400299354,-0.8462583311616354,-1.4799944808944567
120,-1.3589820679227664,-1.1952833874064903,-1.1411414563371092,-1.4369219362931107
121,-1.028645565316746,-1.1842400342144734,-0.9205883751108256,-1.5535767445884259
122,-0.9872845674946593,-1.1676750044264506,-0.8694103120638632,-1.5311431276085572
123,-1.4499762631314792,-1.1566316512344335,-1.2008491965585764,-1.4629449319897587
124,-1.0644917634293025,-1.1636257749227097,-0.8755029386170473,-1.6110068040568863
125,-0.879745973157112,-1.1610489925112393,-0.7694912365911919,-1.7186881655602546
126,-1.1825084772150545,-1.1606808807381717,-0.9211976377661643,-1.6657448294877661
127,-1.1483167190154304,-1.213688976059851,-0.9224161630768078,-1.5697289488139314
128,-0.6437125455855466,-1.2339351235785472,-0.6208311486928114,-1.6154935274528612
129,-1.0369177648812244,-1.2280453352094711,-0.887688191723483,-1.4692263447441218
130,-1.3341654692295146,-1.2144251996059838,-1.1246913646434378,-1.3633396725991447
131,-0.9111803315019712,-1.222155546840395,-0.9029197581065107,-1.3741078087494796
132,-0.8814004130700445,-1.2052224052793046,-0.9144957485576077,-1.290654753584371
133,-1.25916419317872,-1.2030137346409018,-1.170995326447826,-1.3175750939602149
134,-0.8714737735926947,-1.176509686980062,-0.8748936759617424,-1.2439928302662457
135,-0.670183584191731,-1.161417104284307,-0.751822619586877,-1.0725999965400537
136,-1.0225792856361773,-1.1503737510922898,-0.9626274983279781,-0.814164728931974
137,-0.9183495711244336,-1.0944207615860748,-0.8523509577148533,-0.7118674355037762
138,-0.26429432556393856,-1.0020247065462085,-0.41672815916023304,-0.7971151800272759
139,-0.6927942630011341,-0.9140459927831452,-0.6488572308375797,-0.6777683376943769
140,-0.8973933322279016,-0.8915911746260462,-0.8365101286765206,-0.567394942153428
141,-0.7126475419557724,-0.8514669913617215,-0.7018630818505244,-0.719046192937335
142,-0.8262524159738883,-0.8304846202968903,-0.8401657046084513,-0.9308195372272893
143,-1.0556680838939076,-0.9604280761896135,-1.1898824687627843,-1.1282353666501261
144,-0.7076842222170976,-1.0425170015836007,-0.8913437676554137,-1.351674191769614
145,-0.628271106398667,-1.0432532251297333,-0.8535694830254968,-1.3139857152434355
146,-0.8549293744638602,-0.9493847229975965,-0.8669732614425761,-1.0537557582769645
147,-0.8168772564675161,-0.9118373221447423,-0.8322452900892512,-1.1381061581212686
148,-0.40492171815915506,-0.9284023519327652,-0.570262348301154,-1.305909613130681
149,-0.979012367930242,-0.9442311581746556,-0.9540978211535069,-1.2529662770581926
150,-1.0689036031969998,-0.8982171865412549,-0.9218069004214692,-1.1865627707977853
151,-0.679558743698042,-0.9898770180349887,-0.6854129901568531,-1.2314300047575195
152,-0.6459184654693954,-1.0344185425761216,-0.7774116511103581,-1.1058017496702606
153,-0.9404087699629206,-1.0193259598803666,-1.0229445012047842,-0.8859523032675519
154,-0.5356224712770831,-0.8908549510799111,-0.665307322531251,-0.935306260623261
155,-0.760626299429405,-0.851098879588654,-0.6610424839440154,-0.8383930352702339
156,-1.130669359944702,-0.825699167247017,-0.9760312767450574,-0.4857365763467076
157,-0.8918785325183105,-0.8566205561846599,-0.8864696664128394,-0.5718816655493998
158,-0.5483065106091978,-0.9604280761896135,-0.7219687494761264,-0.903001852172253
159,-1.0678006432550449,-1.0347866543491893,-1.089963393290113,-1.0250407285427359
160,-0.9481294895563603,-1.0358909896683894,-0.9748127514344138,-0.8348036565534546
161,-0.5466520706963265,-0.9361326991671767,-0.5867124399948253,-0.536885223060805
162,-0.8334216555963507,-0.8352700733467637,-0.6299700885226213,-0.5458586698527549
163,-0.9630194487723237,-0.8164963729203353,-0.7408558917910848,-1.2206618686071846
164,-0.2218303677998971,-0.7870474310749601,-0.43744308944113997,-1.4853785489696274
165,-0.4313927567653394,-0.8485220971771835,-0.8529602203701919,-1.58318911900185
166,-1.081036162558137,-0.91330976923701,-1.375707578635743,-1.566139570097152
167,-0.9189010510954111,-0.8360062968928988,-1.2160807629416042,-1.3121910258850442
168,-0.6756983839013221,-0.7785808602944135,-0.7701004992464967,-0.9371009499816524
169,-1.2712967525399186,-0.6681473283742514,-0.9534885584981682,-0.3206251553748788
170,-1.3545702281550691,-0.7910966605786983,-0.8572250589574275,-0.1339774621023769
171,-0.9437176497886629,-0.9280342401597003,-0.573308661577746,-0.369979112730588
172,-0.8681648937669523,-1.0450937839950711,-0.6317978764886035,-0.6553347207145083
173,-0.9404087699629206,-1.1102495678279651,-0.8036099452891781,-0.8069859714984184
174,-0.46668747490685725,-1.0366272132145247,-0.5154287093222609,-0.6966125759574663
175,-0.3150304828924585,-0.9777293295237716,-0.472171060794431,-0.5395772570983918
176,-0.6817646635818907,-1.0300012012993158,-0.7408558917910848,-0.44715075514133334
177,-0.4148483576365048,-1.034050430803054,-0.633625664454552,-0.5135542614017438
178,-0.33267784196318684,-1.0782238435711196,-0.5836661267182333,-0.7002019546742456
179,-0.9277247306308058,-1.1172436915162414,-0.9041382834171543,-0.8123700395735859
180,-0.8769885733023471,-1.1455882980424166,-0.8809863025149602,-0.8150620736111697
181,-0.5631964698251611,-1.08080062598259,-0.7170946482335521,-0.844674448024597
182,-1.1196397605254587,-1.0005522594539382,-1.0991023331199228,-0.7953204906688847
183,-1.2194576352695048,-0.9265617930674299,-1.139313668371127,-0.7387877758796199
184,-0.6415066257016979,-0.9066837573218014,-0.7134390723016214,-0.781860320480966
185,-0.7595233394875113,-0.9059475337756663,-0.783504277663576,-0.7719895290098235
186,-1.1538315187250827,-0.9177271105138184,-1.0058851468558079,-0.8042939374608316
187,-0.7755162586453683,-0.9637410821472191,-0.7049093951271502,-0.8419824139870101
188,-0.5047395929032625,-0.9368689227133118,-0.4971508296626073,-0.7827576651601585
189,-1.2111854357050875,-0.9475441641322612,-0.9784683273663445,-0.5961099718876566
190,-0.9260702907179347,-0.91220543391781,-0.7408558917910848,-0.6077754527171904
191,-0.5830497487797994,-0.9158865516484805,-0.53005101304995,-0.6562320653937039
192,-0.9161436512405848,-0.9247212342020946,-0.7493855689655898,-0.6463612739225615
193,-1.0837935624129633,-0.9457036052669259,-0.8462583311616354,-0.6813577164111563
194,-0.6376462659049781,-0.924353122429027,-0.5538122566074827,-0.6535400313561202
195,-0.8025387772225302,-0.910364875052472,-0.7067371830930986,-0.5961099718876566
196,-1.1223971603802236,-0.91330976923701,-1.0314741783792891,-0.4615082700084508
197,-0.6983090627107865,-0.9144141045562127,-0.809702571842362,-0.44715075514133334
198,-0.5505124304930464,-0.9398138168978498,-0.8231063502594413,-0.45343216789569646
199,-0.9685342484819761,-0.9769931059776364,-1.1429692443030575,-0.4911206444218751
200,-0.5841527087216931,-0.9434949346285204,-0.8200600369828493,-0.5413719464567799
201,-0.23175700727724682,-0.9766249942045714,-0.49532304169665886,-0.6248250016218884
202,-0.4275323969686195,-1.0561371371870856,-0.5921958038927044,-0.6014940399628272
203,-0.43966495632975666,-1.064603707967632,-0.5507659433308906,-0.6589240994312876
204,0.05832145744858098,-0.9795698883891069,-0.13829512567843066,-0.7944231459896922
205,-0.3045523634441925,-0.9423905993093202,-0.32229244758544084,-0.7028939887118294
206,-0.7313978609684557,-1.0038652654115436,-0.6147385221395936,-0.6391825164890058
207,-0.6398521857888267,-1.0351547661222569,-0.6384997656971263,-0.5350905337024168
208,-0.7347067407942593,-1.0152767303766257,-0.7402466291357461,-0.5243223975520788
209,-1.1814055172731608,-0.9869321238504507,-0.9364292041491921,-0.584444491058126
210,-0.8609956541444288,-0.9696308705162926,-0.5428455288116905,-0.5512427379279223
211,-0.6602569447143812,-0.904106974910331,-0.3296035994493023,-0.5198356741561069
212,-1.06283732351637,-0.7631201658255908,-0.734763265237867,-0.5377825677400005
213,-0.8940844524021592,-0.7863112075288249,-0.7627893473826353,-0.8805682351923844
214,-0.487092233832473,-0.8293802849776876,-0.7646171353486175,-1.184768081439394
215,-0.9845271676398332,-0.8599335621422656,-1.2355771679118674,-1.262837068529335
216,-1.1621037182895,-0.8455772029926455,-1.3988595595379707,-1.3247538513937704
217,-0.5113573525547475,-0.8842289391647025,-0.7140483349569601,-1.3678263959951165
218,-0.3712814399305084,-0.862510344553736,-0.5532029939521778,-1.1919468388729528
219,-1.0501532841842554,-0.8926955099452464,-1.0229445012047842,-1.0708053071816657
220,-0.7777221785292171,-0.9372370344863794,-0.7152668602676037,-1.0411929327682383
221,-0.4953644333968903,-0.9884045709427209,-0.5190842852541916,-1.0779840646152243
222,-0.8549293744638602,-0.9891407944888562,-0.7725375498677839,-1.0214513498259565
223,-0.8858122528377419,-0.9677903116509573,-0.8779399892383344,-0.9173593670393674
224,-0.40271579827530635,-1.0038652654115436,-0.6488572308375797,-0.9003098181346694
225,-0.9227614108921309,-1.0255838600225076,-0.9675015995705524,-0.9406903286984317
226,-1.091514282006403,-1.0222708540649046,-1.0192889252728534,-0.8473664820621808
227,-0.6547421450047901,-0.935396475621044,-0.7006445565398808,-0.7378904312004243
228,-0.5405857910157579,-0.9114692103716747,-0.6610424839440154,-0.8958230947386944
229,-0.7854428981227181,-0.9534339525013372,-0.9260717390087048,-0.8689027543628538
230,-0.33653820175996796,-0.9574831820050754,-0.5659975097139184,-1.0672159284648863
231,-0.37183291990148587,-0.9641091939202842,-0.4989786176285896,-1.1363114687628804
232,-0.8885696526925068,-0.9074199808679365,-0.7469485183443026,-1.104904404991065
233,-0.6801102236690195,-0.8886462804415082,-0.6835852021909046,-1.2377114175118826
234,-0.29572868390879775,-0.8418960852619723,-0.6086458955863757,-1.3041149237722929
235,-0.8229435361480847,-0.8466815383118457,-1.0156333493409226,-1.1058017496702606
236,-0.9459235696725117,-0.8702406917881474,-1.0710762509751546,-0.9478690861319873
237,-0.5124603124967024,-0.8967447394489871,-0.6750555250163996,-1.0815734433320006
238,-0.6029030277343764,-0.963004858601084,-0.7195316988548393,-0.9577398776031297
239,-1.0650432434002186,-0.9711033176085629,-1.0430501688303861,-0.8383930352702339
240,-0.5433431908705229,-0.9714714293816304,-0.6476387055269361,-1.0232460391843445
241,-0.47661411438420703,-0.9755206588853687,-0.619003360726863,-1.0385008987306545
242,-0.7854428981227181,-0.9744163235661659,-0.8109210971530056,-0.8680054096836582
243,-0.6161385470374685,-1.0064420478230143,-0.763398610037974,-0.9227434351145349
244,-0.3734873598143571,-1.0053377125038114,-0.500806405594538,-0.9729947371494397
245,-0.8268038959448046,-1.0609225902369614,-0.8298082394679641,-1.0044018009212552
246,-0.8069506169902275,-1.1058322265511593,-0.8218878249487978,-0.9478690861319873
247,-0.4313927567653394,-1.1246059269775879,-0.601944006377853,-1.0151699370715934
248,-0.7744132987034746,-1.148165080453887,-0.7609615594166869,-0.9729947371494397
249,-1.0005200867977515,-1.1750372398877942,-0.9266810016640434,-1.0187593157883728
250,-0.6398521857888267,-1.1698836750648534,-0.700035293884576,-1.022348694505149
251,-0.7093386621299688,-1.173564792795524,-0.6933334046760193,-1.0456796561642132
252,-1.1405959994219905,-1.1757734634339294,-1.0460964821069783,-0.9999150775252834
253,-0.8786430132152183,-1.1522143099576276,-0.8578343216127662,-1.0690106178232743
254,-0.5902189884022617,-1.1562635394613658,-0.700035293884576,-1.089649545444755
255,-1.025888165461981,-1.1625214396035095,-0.9967462070259643,-1.0708053071816657
256,-1.0021745267106228,-1.1676750044264506,-0.9662830742599088,-1.0259380732219283
257,-0.5714686693895784,-1.1455882980424166,-0.6963797179526452,-1.0402955880890457
258,-0.7848914181517406,-1.1378579508080051,-0.7603522967613482,-0.9371009499816524
259,-1.0021745267106228,-1.1128263502394355,-0.9376477294598355,-0.8168567629695578
260,-0.42973831685246816,-1.076751396478849,-0.5196935479094965,-0.792628456631301
261,-0.5703657094476847,-1.0355228778953218,-0.5830568640628946,-0.7621187375386811
262,-0.9872845674946593,-1.0016565947731408,-0.8864696664128394,-0.7540426354259299
263,-0.5659538696799873,-0.9541701760474699,-0.61351999682895,-0.8249328650823121
264,-0.4170542775203535,-0.8879100568953731,-0.49654156700730245,-0.892233716021915
265,-0.9376513701080943,-0.8477858736310484,-0.8121396224636492,-0.7728868736890191
266,-0.7810310583550207,-0.8242267201547467,-0.7652263980039224,-0.8195487970071446
267,-0.577534949070147,-0.8492583207233162,-0.7036908698165066,-0.9846602179789734
268,-1.0716610030517648,-0.8242267201547467,-1.1673397505158951,-1.0142725923923976
269,-1.0655947233711962,-0.848153985404116,-1.2891922815801509,-1.1390035028004641
270,-0.4302897968233844,-0.9258255695212948,-0.8127488851189879,-1.3785945321454547
271,-0.5863586286055418,-0.9387094815786471,-0.7250150627527184,-1.4790971362152643
272,-1.01430708607176,-0.9909813533541915,-1.011977773408992,-1.3902600129749851
273,-0.687279463291543,-0.901162080725793,-0.6080366329310708,-1.1793840133642266
274,-0.7264345412297808,-0.9085243161871367,-0.5976791677906174,-1.0797787539736126
275,-1.1797510773602895,-0.9302429107981032,-1.069248463009206,-1.005299145600451
276,-0.768347019022906,-0.9953986946309972,-0.8011728946678909,-1.005299145600451
277,-0.45896675531341746,-1.0292649777531808,-0.6756647876717045,-1.007093834958839
278,-0.7975754574838553,-0.9953986946309972,-0.8748936759617424,-1.0385008987306545
279,-0.8510690146671402,-0.9953986946309972,-0.8736751506510988,-0.939792984019236
280,-0.5157691923224448,-0.9674221998778897,-0.5489381553649083,-0.9388956393400405
281,-0.7523540998649877,-0.8698725800150798,-0.7902061668720988,-0.7531452907467342
282,-1.1968469564600404,-0.8691363564689473,-1.0869170800135208,-0.6876391291655194
283,-0.7231256614040384,-0.9018983042719281,-0.6988167685739324,-0.6445665845641734
284,-0.5521668704059176,-0.9169908869676833,-0.6549498573907976,-0.7343010524836449
285,-1.1235001203221784,-1.0079144949152818,-1.1514989214775626,-0.9146673330017837
286,-0.8791944931861958,-1.0498792370449443,-0.8968271315532929,-1.03939824340985
287,-0.5780864290411245,-0.9928219122195268,-0.6890685660887838,-0.6562320653937039
288,-0.8984962921698566,-0.8783391507956263,-0.8139674104296315,-0.4911206444218751
289,-0.8962903722860078,-0.8349019615736961,-0.7018630818505244,-0.9873522520165572
290,-0.38561991917549426,-0.929506687251968,-0.23151231194257932,-1.2960388216595418
291,-0.5714686693895784,-0.9387094815786471,-0.5769642375096767,-1.375902498107871
292,-0.7953695376000066,-0.826067279020082,-1.0991023331199228,-1.4351272469347225
293,-0.841693855160768,-0.7690099541946669,-1.2447161077417113,-1.3750051534286754
294,-1.01816744586848,-0.8220180495163438,-1.2879737562695073,-1.3400087109400804
295,-1.3667027875162674,-0.854411885546257,-1.479282230040345,-1.2430954855870533
296,-0.740773020474828,-0.825699167247017,-0.8937808182767009,-0.9882495966957496
297,-0.5063940328161338,-0.7402972358954243,-0.5428455288116905,-0.7226355716541143
298,-0.9012536920246215,-0.7664331717831964,-0.5873217026501639,-0.469584372121202
299,-1.0666976833131512,-0.9508571700898668,-0.6031625316884965,-0.47676312955476075
300,-0.7010664625655515,-1.0403083309451977,-0.47948221265829244,-0.6481559632809527
301,-0.9867330875236818,-1.0318417601646512,-0.7481670436549462,-0.584444491058126
302,-0.950335409440209,-1.0347866543491893,-0.8681917867532196,-0.5009914358930175
303,-0.47551115444225206,-1.0222708540649046,-0.5391899528797598,-0.6562320653937039
304,-0.3332293219341643,-1.0307374248454484,-0.43683382678580124,-0.7459665333131755
305,-0.7170593817234698,-1.0484067899526741,-0.6872407781228353,-0.751350601388343
306,-0.27587540495415946,-1.043621336902801,-0.39174839029205677,-0.7387877758796199
307,-0.21245520829358605,-1.052456019456415,-0.37103346001111603,-0.7002019546742456
308,-0.5935278682280654,-1.1080408971895623,-0.6415460789737183,-0.6499506526393408
309,-0.4777170743261007,-1.1477969686808194,-0.6287515632119778,-0.7468638779923711
310,-0.0392904974116166,-1.1503737510922898,-0.3405703272450606,-0.7899364225937172
311,-0.5742260692444046,-1.1349130566234695,-0.7780209137656631,-0.7809629758017703
312,-0.7490452200392452,-1.1021511088204863,-0.8706288373745068,-0.6876391291655194
313,-0.4710993146745547,-1.0966294322244803,-0.7207502241654828,-0.7531452907467342
314,-0.6961031428269379,-1.074910837613514,-0.8913437676554137,-0.7639134268970692
315,-1.1786481174183345,-1.0679167139252377,-1.2270474907373963,-0.7334037078044493
316,-0.831215735712502,-1.0649718197406997,-0.9912628431280851,-0.7002019546742456
317,-0.8190831763513647,-1.0620269255561616,-0.9778590647110058,-0.7163541588997512
318,-1.143904879247733,-1.0539284665486826,-1.1795250036223308,-0.7010992993534413
319,-0.9966597270009704,-1.0447256722220035,-1.089963393290113,-0.6876391291655194
320,-0.4369075564749305,-1.0638674844214968,-0.6994260312292372,-0.7989098693856641
321,-0.8615471341154062,-1.0822730730748578,-1.0040573588898256,-0.7701948396514323
322,-0.7236771413750159,-1.098101879316748,-0.887688191723483,-0.781860320480966
323,-0.23285996721914057,-1.1028873323666213,-0.6141292594842886,-0.781860320480966
324,-0.2527132461737788,-1.0734383905212461,-0.5446733167776727,-0.71455946954136
325,-0.5532698303478726,-1.0384677720798599,-0.6988167685739324,-0.6948178865990782
326,-0.09168109465300779,-0.994294359311797,-0.30523309323643083,-0.7010992993534413
327,-0.08892369479818162,-0.9810423354813772,-0.28086258702359324,-0.7046886780702175
328,-0.5924249082861104,-1.016749177468896,-0.6092551582417144,-0.7378904312004243
329,-0.5858071486345643,-1.0325779837107865,-0.6275330379013342,-0.6777683376943769
330,-0.3359867217889905,-1.0590820313716236,-0.3972317541899359,-0.703791333391025
331,-0.9216584509502372,-1.0620269255561616,-0.8127488851189879,-0.6400798611681984
332,-1.0275426053748522,-1.0517197959102798,-0.8724566253404552,-0.5772657336245673
333,-0.8251494560319333,-1.0222708540649046,-0.6470294428716313,-0.6311064143762515
334,-0.9801153278721358,-0.9162546634215482,-0.650685018803562,-0.45253482321650085
335,-1.1736847976796598,-0.8293802849776876,-0.8243248755700849,-0.573676354907791
336,-0.6040059876763314,-0.8245948319278142,-0.47826368734764885,-0.9012071628138618
337,-0.6393007058178493,-0.8912230628529787,-0.6372812403864827,-1.0663185837856906
338,-1.1400445194510131,-0.896008515902852,-1.1752601650350953,-1.1156725411414
339,-0.9950052870880992,-0.9346602520749089,-1.291629332201438,-1.262837068529335
340,-0.6426095856436529,-0.8893825039876433,-1.1222543140221506,-1.3068069578098767
341,-1.0369177648812244,-0.8415279734889047,-1.453083935861525,-1.1946388729105364
342,-0.8758856133603922,-0.8669276858305418,-1.100930121085905,-1.449484761801837
343,-0.5510639104640239,-0.8529394384539893,-0.622049674003455,-1.3920547023333765
344,-0.880848933099067,-0.8838608273916349,-0.7402466291357461,-1.2350193834742988
345,-0.9007022120537053,-0.9508571700898668,-0.6519035441142056,-1.0196566604675652
346,-0.3652151602499398,-0.9291385754789004,-0.38687428904948246,-1.0277327625803194
347,-0.5687112695347523,-0.9059475337756663,-0.6774925756376867,-0.647258618601757
348,-1.1041983213385178,-1.0233751893841048,-1.1064134849837841,-0.7692974949722398
349,-0.7479422600972903,-1.036995324987592,-0.9065753340384415,-1.0717026518608612
350,-0.5488579905801753,-0.9589556290973432,-0.7268428507187007,-0.8321116225158708
351,-1.0854480023258344,-0.9596918526434783,-1.0010110456132337,-0.6705895802608183
352,-0.9740490481915672,-0.8779710390225588,-0.9888257925067979,-0.7208408822957231
353,-0.6326829461663032,-0.9254574577482297,-0.7298891639952927,-0.9128726436433956
354,-0.8466571748994428,-0.9596918526434783,-0.859052846923376,-0.7809629758017703
355,-0.971291648336741,-0.8812840449801643,-0.9559256091194553,-0.6194409335467209
356,-0.48984963368729917,-0.8437366441273102,-0.5385806902244549,-0.9281275031897055
357,-0.6354403460211293,-0.8695044682420122,-0.5928050665480431,-0.9891469413749453
358,-0.8714737735926947,-0.9158865516484805,-0.8164044610509186,-0.9649186350366885
359,-0.5797408689539957,-0.9935581357656619,-0.6579961706673896,-1.0088885243172303
360,-0.416502797549376,-1.0149086186035607,-0.4843563139008667,-1.1084937837078443
361,-0.954195769236929,-0.9887726827157886,-0.7883783789061503,-1.2341220387951033
362,-0.7926121377451805,-0.901162080725793,-0.7493855689655898,-1.2457875196246369
363,-0.5598875899994187,-0.8720812506534827,-0.7969080560806214,-1.3202671279977987
364,-0.9613650088594525,-0.8724493624265502,-1.1539359720988496,-1.2359167281534944
365,-0.9751520081335222,-0.8643509034190713,-1.1661212252052515,-1.2116884218152377
366,-0.4308412767943619,-0.8477858736310484,-0.7256243254080571,-1.1363114687628804
367,-0.7534570598069427,-0.8507307678155864,-0.8608806348893583,-0.9236407797937305
368,-1.0556680838939076,-0.8746580330649532,-1.095446757187992,-0.8581346182125157
369,-0.5731231093024496,-0.873553697745753,-0.7329354772719185,-0.9101806096058087
370,-0.5858071486345643,-0.8687682446958797,-0.7079557084037422,-0.9433823627360155
371,-0.9861816075527045,-0.8831246038454997,-0.9352106788385485,-0.8698000990420464
372,-0.6674261843369048,-0.89895341008739,-0.6957704552973065,-0.8428797586662058
373,-0.45069455574900014,-0.9365008109402442,-0.5434547914670292,-0.8509558607789601
374,-0.8946359323730754,-0.957851293778143,-0.7920339548380472,-0.7899364225937172
375,-0.8488630947832916,-0.9703670940624277,-0.7542596702081641,-0.7378904312004243
376,-0.3580459206274162,-0.9696308705162926,-0.43256898819856565,-0.7657081162554604
377,-0.7098901421009463,-0.9961349181771324,-0.6781018382929916,-0.7549399801051223
378,-0.9089744116181225,-1.016749177468896,-0.8200600369828493,-0.7441718439547874
379,-0.4887466737453442,-1.0288968659801132,-0.570262348301154,-0.7881417332353291
380,-0.560439069970335,-1.0255838600225076,-0.6384997656971263,-0.8105753502151947
381,-0.9950052870880992,-1.0344185425761216,-0.968720124881196,-0.792628456631301
382,-0.5874615885474967,-1.0373634367606597,-0.625095987280047,-0.8365983459118427
383,-0.5372769111899542,-1.0520879076833474,-0.578792025475659,-0.8949257500594987
384,-0.8681648937669523,-1.0300012012993158,-0.7993451067019086,-0.8536478948165439
385,-0.8984962921698566,-1.02521574824944,-0.8419934925743998,-0.876978856475605
386,-0.4473856759231965,-1.0255838600225076,-0.5580770951947183,-0.9344089159440686
387,-0.9222099309211534,-1.0204302951995667,-0.8401657046084513,-0.9433823627360155
388,-0.9839756876688557,-1.0288968659801132,-0.9010919701405623,-0.9738920818286353
389,-0.6624628645982299,-1.0255838600225076,-0.6695721611185205,-0.9837628732997779
390,-0.7065812622752038,-1.0226389658379695,-0.7213594868208215,-1.0358088646930708
391,-1.025888165461981,-1.0196940716534342,-0.9857794792302059,-1.0187593157883728
392,-0.5494094705511527,-1.0226389658379695,-0.6811481515696175,-1.1273380219709335
393,-0.4788200342680557,-1.0325779837107865,-0.6665258478418946,-1.1874601154769777
394,-0.8736796934765434,-0.9674221998778897,-0.9626274983279781,-1.1650264984971122
395,-0.6905883431172855,-0.9493847229975965,-0.8298082394679641,-1.2816813067924242
396,-0.3084127232409124,-0.9166227751946157,-0.46851548486253414,-1.3050122684514887
397,-0.8025387772225302,-0.8879100568953731,-0.7676634486252096,-1.152463672988386
398,-0.8769885733023471,-0.8779710390225588,-0.7780209137656631,-1.0779840646152243
399,-0.46723895487783473,-0.904106974910331,-0.5928050665480431,-1.1031097156326768
400,-0.627168146456712,-0.9376051462594469,-0.6848037275015482,-1.0537557582769645
401,-0.8847092928957869,-0.9585875173242782,-0.9449588813236632,-1.0232460391843445
402,-0.4909525936291929,-0.9096286515063394,-0.6384997656971263,-1.0447823114850177
403,-0.5742260692444046,-0.8282759496584875,-0.6512942814588669,-0.9038991968514456
404,-1.0986835216289266,-0.8080298021397914,-1.011977773408992,-0.6921258525614944
405,-0.9172466111825398,-0.8363744086659638,-0.9376477294598355,-0.7531452907467342
406,-0.5753290291862984,-0.8477858736310484,-0.7499948316208948,-0.8330089671950633
407,-1.0214763256942836,-0.9048431984564661,-1.0911819186007565,-0.8231381757239209
408,-0.9519898493530803,-0.943863046401588,-1.080824453460303,-0.8958230947386944
409,-0.44076791627171164,-0.965949752785622,-0.705518657782455,-1.0402955880890457
410,-0.5097029126418762,-1.002760930092341,-0.6214404113481501,-1.0385008987306545
411,-0.9354454502242456,-1.0141723950574255,-0.8206692996381542,-1.0214513498259565
412,-0.5913219483442167,-0.9401819286709174,-0.5617326711266489,-1.0573451369937439
413,-0.6067633875311575,-0.8801797096609617,-0.5763549748543718,-0.9550478435655461
414,-0.9166951312115623,-0.9030026395911283,-0.8121396224636492,-1.1273380219709335
415,-0.4744081945003583,-0.89895341008739,-0.6025532690331917,-1.3525715364488067
416,-0.3646636802789623,-0.8772348154764237,-0.5312695383605935,-1.360647638561561
417,-0.8896726126344617,-0.8621422327806685,-0.9151050112129464,-1.0815734433320006
418,-0.6619113846273137,-0.7800533073866813,-0.7658356606592611,-1.345392779015251
419,-0.15124093151686133,-0.8558843326385274,-0.5666067723692232,-1.544603297796479
420,-0.7986784174257491,-0.7936734429901687,-1.1807435289329744,-1.4593555532729794
421,-1.2597156731496977,-0.8047167961821857,-1.516447252014957,-1.3857732895790134
422,-0.6773528238141933,-0.8647190151921389,-1.1642934372393032,-1.3310352641481336
423,-0.7567659396326851,-0.9144141045562127,-1.2179085509075527,-1.224251247323964
424,-1.2062221159664126,-0.9225125635636917,-1.4195744898188776,-1.215277800532014
425,-1.0231307656071547,-0.9445992699477231,-1.2581198861587566,-1.2556583110957762
426,-0.7308463809974782,-0.9111010985986072,-0.9614089730173345,-1.02414338386354
427,-1.0606314036325213,-0.9118373221447423,-1.0936189692220437,-0.8805682351923844
428,-0.8990477721407728,-0.8809159332070968,-0.798126581391265,-0.7504532567091504
429,-0.6244107466018859,-0.8485220971771835,-0.5190842852541916,-0.6957152312782706
430,-0.9657768486271499,-0.8547799973193246,-0.6512942814588669,-0.5377825677400005
431,-0.9701886883948473,-0.8120790316435296,-0.5903680159267559,-0.536885223060805
432,-0.455657875487675,-0.868400132922812,-0.15048037878486636,-0.6086727973963828
433,-0.6900368631463693,-0.9361326991671767,-0.30523309323643083,-0.6346957930930308
434,-1.1378385995671645,-0.9648454174664193,-0.83285455274459,-0.5988020059252404
435,-0.8626500940573,-0.9571150702320079,-0.6257052499353857,-0.5180409847977157
436,-0.6602569447143812,-0.8871738333492405,-0.4843563139008667,-0.4982994018554338
437,-1.1367356396252706,-0.9696308705162926,-0.8584435842680711,-0.4489454444997246
438,-1.0043804465944715,-1.0185897363342313,-0.8377286539871642,-0.5548321166447018
439,-0.6354403460211293,-1.0012884830000732,-0.5684345603352055,-0.6113648314339666
440,-0.9442691297596404,-0.9869321238504507,-0.7621800847273305,-0.5315011549856374
441,-1.05897696371965,-1.0697572727905729,-0.8974363942086315,-0.6302090696970559
442,-0.7131990219267499,-1.0977337675436805,-0.6896778287440887,-0.8760815117964095
443,-1.0187189258394573,-1.0730702787481785,-0.8706288373745068,-0.9496637754903785
444,-1.2475831137885605,-1.0329460954838514,-1.0278186024473583,-0.7549399801051223
445,-0.8549293744638602,-0.991349465127259,-0.6738369997057561,-0.48483923166751197
446,-0.8571352943477089,-0.9589556290973432,-0.6098644208970193,-0.3529295638258868
447,-1.4334318640025834,-0.8912230628529787,-0.9023104954512059,-0.2622977512272227
448,-1.1378385995671645,-0.8437366441273102,-0.6738369997057561,-0.14115621953593563
449,-0.6916913030592404,-0.7568622656834497,-0.4392708774070884,-0.28024464481111644
450,-0.8097080168449925,-0.7178424177383252,-0.5830568640628946,-0.5234250528728862
451,-0.8152228165546449,-0.789256101713363,-0.7341540025825621,-0.745069188633983
452,-0.45896675531341746,-0.856252444411595,-0.6141292594842886,-0.9891469413749453
453,-0.8477601348413366,-0.8937998452644491,-1.0418316435197426,-1.1542583623467741
454,-1.1488681989864078,-0.9236168988828919,-1.2928478575120814,-1.232327349436715
455,-0.85878973426058,-0.9328196932095736,-1.1795250036223308,-1.3139857152434355
456,-0.7898547378904155,-0.9158865516484805,-1.158810073341424,-1.2556583110957762
457,-1.1284634400608533,-0.8860694980300378,-1.3489000218016183,-1.1210566092165706
458,-0.5780864290411245,-0.8293802849776876,-0.783504277663576,-1.0752920305776374
459,-0.3624577603951136,-0.8566205561846599,-0.4825285259349183,-1.221559213286377
460,-0.8968418522569241,-0.884965162710835,-0.8371193913318256,-1.0824707880111963
461,-0.9067684917342739,-0.862510344553736,-0.8486953817829225,-1.028630107259512
462,-0.48598927389051805,-0.8915911746260462,-0.5794012881309638,-1.0779840646152243
463,-0.8135683766417124,-0.9342921403018413,-0.7670541859699047,-1.0124779030340096
464,-0.9166951312115623,-0.9909813533541915,-0.9157142738682513,-1.0205540051467608
465,-0.45234899566187137,-1.036995324987592,-0.6025532690331917,-1.0438849668058252
466,-0.5753290291862984,-1.0292649777531808,-0.7012538191952195,-0.9918389754125291
467,-1.0815876425291144,-0.9431268228554555,-1.1222543140221506,-0.6598214441104833
468,-0.6641173045111624,-0.8937998452644491,-0.7646171353486175,-0.5647029081158411
469,-0.6558451049467451,-0.8558843326385274,-0.7768023884550195,-0.6822550610903519
470,-1.0021745267106228,-0.8518351031347866,-1.0168518746515662,-0.6589240994312876
471,-0.8764370933313697,-0.8352700733467637,-0.9413033053917663,-0.7334037078044493
472,-0.447937155894174,-0.8017719019976477,-0.573308661577746,-0.7836550098393541
473,-0.7435304203295929,-0.7841025368904221,-0.7189224361995343,-0.792628456631301
474,-0.7793766184421494,-0.8139195905088649,-0.633625664454552,-0.9281275031897055
475,-0.38837731903032047,-0.9434949346285204,-0.3990595421559182,-1.0537557582769645
476,-0.5830497487797994,-0.9950305828579297,-0.604990319654445,-1.0420902774474339
477,-1.0043804465944715,-1.0049696007307438,-0.9961369443706594,-0.939792984019236
478,-0.651984745149964,-0.9482803876783963,-0.7408558917910848,-0.974789426507831
479,-0.7038238624203776,-0.9287704637058328,-0.7079557084037422,-1.0645238944273026
480,-1.103095361396624,-0.9405500404439849,-1.0107592480983485,-1.156950396384358
481,-0.9238643708340859,-0.9674221998778897,-0.8864696664128394,-1.273605204679673
482,-0.4832318740357531,-0.9729438764738982,-0.6153477847949322,-1.3121910258850442
483,-0.8554808544348377,-0.9725757647008306,-0.9675015995705524,-1.2798866174340362
484,-0.8212890962352135,-0.9420224875362527,-0.9577533970854376,-1.3480848130528347
485,-0.45841527534244,-0.9571150702320079,-0.7298891639952927,-1.4270511448219683
486,-0.6211018667761434,-0.9423905993093202,-0.7103927590250294,-1.3418034002984716
487,-0.8791944931861958,-0.9383413698055795,-0.8864696664128394,-1.206304353740067
488,-0.24554400655125524,-0.9250893459751622,-0.4855748392115103,-1.2574530004541675
489,-0.2731180050993333,-0.9339240285287738,-0.544064054122334,-1.224251247323964
490,-0.7617292593713599,-0.9125735456908775,-0.924853213698095,-1.1578477410635535
491,-0.7054783023332488,-0.8857013862569701,-0.9626274983279781,-1.117467230499791
